Second Tier Authority,LAD14NM,LAD14CD,Year,I. Road Transport (A roads),J. Road Transport (Motorways),K. Road Transport (Minor roads),L. Diesel Railways,M. Transport Other,Transport Total,"Population                                              ('000s, mid-year estimate)",Per Capita Emissions (t),Per capita Transport emissions
Scotland,Aberdeen City,S12000033,2005,157.9,-,179.2,1.8,21.9,360.8,208.7,8.7,1.729067959
Scotland,Aberdeen City,S12000033,2006,165.7,-,181.3,1.8,22.4,371.2,209.6,8.7,1.770824923
Scotland,Aberdeen City,S12000033,2007,154.3,-,185.9,1.9,22.7,364.9,212.5,8.3,1.717340894
Scotland,Aberdeen City,S12000033,2008,145.2,-,183.3,1.9,22.3,352.7,214.0,8.3,1.648122572
Scotland,Aberdeen City,S12000033,2009,135.5,-,174.7,1.9,20.9,333.0,217.0,7.3,1.534638912
Scotland,Aberdeen City,S12000033,2010,135.8,-,171.2,1.9,20.3,329.2,219.7,7.6,1.498267516
Scotland,Aberdeen City,S12000033,2011,133.6,-,165.2,1.9,20.9,321.7,222.5,7.0,1.446294336
Scotland,Aberdeen City,S12000033,2012,135.2,-,161.9,1.9,20.9,319.8,224.9,7.4,1.421819246
Scotland,Aberdeen City,S12000033,2013,133.6,-,160.5,1.9,21.5,317.5,227.1,6.9,1.398296095
Scotland,Aberdeen City,S12000033,2014,134.0,-,164.3,2.0,22.3,322.6,228.9,6.1,1.409094945
Scotland,Aberdeen City,S12000033,2015,138.4,-,161.2,1.9,23.5,324.9,230.4,5.8,1.410673349
Scotland,Aberdeenshire,S12000034,2005,404.3,-,239.4,5.2,3.0,651.9,237.6,9.8,2.743921818
Scotland,Aberdeenshire,S12000034,2006,407.0,-,258.3,5.2,3.2,673.6,241.2,10.4,2.792988578
Scotland,Aberdeenshire,S12000034,2007,399.9,-,269.2,5.8,3.1,678.0,244.4,10.2,2.774287286
Scotland,Aberdeenshire,S12000034,2008,372.3,-,269.8,5.9,3.2,651.2,246.8,9.6,2.638053525
Scotland,Aberdeenshire,S12000034,2009,368.7,-,252.5,5.9,2.9,630.0,249.0,8.6,2.529838659
Scotland,Aberdeenshire,S12000034,2010,367.3,-,248.2,5.9,2.9,624.4,251.4,8.7,2.483294412
Scotland,Aberdeenshire,S12000034,2011,363.4,-,234.1,5.8,2.8,606.2,253.7,7.9,2.389786309
Scotland,Aberdeenshire,S12000034,2012,369.0,-,222.1,5.9,2.7,599.7,255.6,8.2,2.346610462
Scotland,Aberdeenshire,S12000034,2013,364.3,-,229.0,5.9,2.8,602.1,257.8,7.6,2.335699872
Scotland,Aberdeenshire,S12000034,2014,367.6,-,241.7,6.0,2.8,618.1,260.5,6.9,2.37237784
Scotland,Aberdeenshire,S12000034,2015,380.7,-,239.5,5.9,2.8,628.9,262.0,6.8,2.400609451
Northern Ireland,"Armagh City, Banbridge and Craigavon",N09000002,2005,260.7,61.6,239.5,4.8,2.4,569.0,184.9,9.7,3.077782163
Northern Ireland,"Armagh City, Banbridge and Craigavon",N09000002,2006,265.4,61.9,246.3,4.7,2.5,580.8,188.2,9.9,3.086866956
Northern Ireland,"Armagh City, Banbridge and Craigavon",N09000002,2007,264.5,61.5,253.9,5.5,2.5,587.9,191.5,9.7,3.070111012
Northern Ireland,"Armagh City, Banbridge and Craigavon",N09000002,2008,249.0,58.1,254.5,5.6,2.7,569.9,194.6,9.5,2.928085585
Northern Ireland,"Armagh City, Banbridge and Craigavon",N09000002,2009,239.8,56.7,252.5,5.7,2.5,557.1,197.2,9.0,2.824951466
Northern Ireland,"Armagh City, Banbridge and Craigavon",N09000002,2010,234.5,55.5,245.6,5.7,2.5,543.8,199.2,9.3,2.729675257
Northern Ireland,"Armagh City, Banbridge and Craigavon",N09000002,2011,234.9,56.1,235.0,5.6,2.5,533.9,201.3,8.7,2.652165562
Northern Ireland,"Armagh City, Banbridge and Craigavon",N09000002,2012,224.7,57.2,230.5,5.6,2.4,520.4,203.5,8.7,2.557395726
Northern Ireland,"Armagh City, Banbridge and Craigavon",N09000002,2013,229.1,56.4,229.6,5.7,2.5,523.3,204.8,8.6,2.555196715
Northern Ireland,"Armagh City, Banbridge and Craigavon",N09000002,2014,225.8,55.1,231.3,5.8,2.4,520.5,205.7,8.1,2.530177714
Northern Ireland,"Armagh City, Banbridge and Craigavon",N09000002,2015,237.0,56.7,222.0,5.7,2.4,523.9,207.8,7.7,2.520996264
Barnsley,Barnsley,E08000016,2005,183.3,168.3,167.4,4.8,2.3,526.1,222.6,8.6,2.3631551
Barnsley,Barnsley,E08000016,2006,178.5,164.8,166.6,4.7,2.3,516.9,224.4,8.7,2.303462609
Barnsley,Barnsley,E08000016,2007,179.5,159.4,177.2,5.2,2.3,523.7,226.0,7.8,2.317153104
Barnsley,Barnsley,E08000016,2008,171.4,145.9,171.4,5.2,2.4,496.2,227.8,7.8,2.17877958
Barnsley,Barnsley,E08000016,2009,165.0,136.6,165.5,5.2,2.2,474.5,229.0,6.9,2.072382053
Barnsley,Barnsley,E08000016,2010,162.7,143.0,162.9,5.2,2.2,475.9,230.1,7.3,2.068729715
Barnsley,Barnsley,E08000016,2011,161.5,137.1,157.7,5.1,2.1,463.6,231.9,6.6,1.999376258
Barnsley,Barnsley,E08000016,2012,158.9,136.5,153.5,5.2,2.1,456.2,233.7,6.9,1.952182631
Barnsley,Barnsley,E08000016,2013,155.7,135.7,152.7,5.2,2.1,451.4,235.8,7.0,1.914855321
Barnsley,Barnsley,E08000016,2014,156.8,132.4,157.2,5.3,2.0,453.7,237.8,5.6,1.907496812
Barnsley,Barnsley,E08000016,2015,162.1,141.2,154.1,5.0,2.0,464.4,239.3,5.4,1.94067859
Essex,Basildon,E07000066,2005,189.7,-,123.0,0.0,1.6,314.3,168.9,6.8,1.860678774
Essex,Basildon,E07000066,2006,185.0,-,121.7,0.0,1.6,308.3,170.0,6.7,1.814188949
Essex,Basildon,E07000066,2007,181.5,-,126.9,0.0,1.6,310.0,170.9,6.7,1.813569961
Essex,Basildon,E07000066,2008,168.5,-,125.5,0.0,1.6,295.7,172.4,6.4,1.71484335
Essex,Basildon,E07000066,2009,170.6,-,121.1,0.0,1.5,293.2,173.1,5.7,1.694252881
Essex,Basildon,E07000066,2010,170.8,-,119.1,0.0,1.5,291.4,173.8,6.0,1.676795683
Essex,Basildon,E07000066,2011,164.8,-,114.6,0.0,1.5,280.9,175.0,5.3,1.605217354
Essex,Basildon,E07000066,2012,165.9,-,111.0,0.0,1.4,278.3,176.5,5.7,1.577107915
Essex,Basildon,E07000066,2013,164.4,-,111.1,0.0,1.5,277.0,178.4,5.3,1.553105704
Essex,Basildon,E07000066,2014,173.4,-,115.0,0.0,1.5,289.9,180.5,4.6,1.60614291
Essex,Basildon,E07000066,2015,171.8,-,113.8,0.0,1.4,287.1,181.7,4.5,1.579789278
Bath and North East Somerset,Bath and North East Somerset,E06000022,2005,150.7,-,114.9,6.7,1.4,273.7,171.3,6.4,1.597785917
Bath and North East Somerset,Bath and North East Somerset,E06000022,2006,149.7,-,117.3,6.6,1.5,275.0,171.2,6.3,1.606343381
Bath and North East Somerset,Bath and North East Somerset,E06000022,2007,147.5,-,122.4,6.8,1.4,278.2,172.6,6.1,1.611478132
Bath and North East Somerset,Bath and North East Somerset,E06000022,2008,140.7,-,122.0,6.7,1.5,270.9,173.6,6.0,1.561057046
Bath and North East Somerset,Bath and North East Somerset,E06000022,2009,132.0,-,117.5,6.7,1.3,257.6,173.4,5.5,1.486145497
Bath and North East Somerset,Bath and North East Somerset,E06000022,2010,126.2,-,115.7,6.8,1.3,250.1,174.3,5.7,1.434957061
Bath and North East Somerset,Bath and North East Somerset,E06000022,2011,130.3,-,111.8,6.7,1.3,250.1,175.5,5.1,1.424614438
Bath and North East Somerset,Bath and North East Somerset,E06000022,2012,129.8,-,108.9,6.9,1.3,246.8,177.6,5.3,1.389102956
Bath and North East Somerset,Bath and North East Somerset,E06000022,2013,128.0,-,108.7,6.8,1.3,244.8,180.1,5.0,1.359346624
Bath and North East Somerset,Bath and North East Somerset,E06000022,2014,129.2,-,112.2,6.9,1.3,249.5,182.0,4.6,1.370895982
Bath and North East Somerset,Bath and North East Somerset,E06000022,2015,134.8,-,110.2,6.4,1.2,252.7,184.9,4.2,1.366857755
Northern Ireland,Belfast,N09000003,2005,247.1,55.6,98.8,5.5,7.8,414.9,335.8,6.7,1.235317977
Northern Ireland,Belfast,N09000003,2006,242.1,51.1,100.3,5.5,7.9,406.8,337.0,6.9,1.207276676
Northern Ireland,Belfast,N09000003,2007,243.1,57.1,102.9,6.4,8.1,417.6,338.7,6.9,1.232657846
Northern Ireland,Belfast,N09000003,2008,229.4,51.3,102.5,6.5,8.0,397.7,341.6,6.9,1.164011094
Northern Ireland,Belfast,N09000003,2009,221.8,51.0,102.0,6.6,7.6,388.9,343.8,6.4,1.131106411
Northern Ireland,Belfast,N09000003,2010,221.3,51.3,99.5,6.6,7.4,386.0,346.0,6.7,1.115588885
Northern Ireland,Belfast,N09000003,2011,223.9,51.7,95.6,6.5,7.6,385.3,347.0,6.0,1.110500826
Northern Ireland,Belfast,N09000003,2012,217.5,51.0,93.6,6.5,7.5,376.1,347.1,6.3,1.08353776
Northern Ireland,Belfast,N09000003,2013,209.1,49.9,92.9,6.6,7.7,366.2,348.5,6.2,1.050938887
Northern Ireland,Belfast,N09000003,2014,208.4,50.5,93.2,6.7,7.9,366.7,336.8,6.0,1.088804237
Northern Ireland,Belfast,N09000003,2015,214.2,53.2,90.2,6.6,8.3,372.4,338.9,5.2,1.098944202
Birmingham,Birmingham,E08000025,2005,482.6,192.3,933.2,32.5,23.0,"1,663.6","1,014.7",6.7,1.639583454
Birmingham,Birmingham,E08000025,2006,467.7,185.5,910.9,31.9,23.5,"1,619.6","1,020.8",6.5,1.586528483
Birmingham,Birmingham,E08000025,2007,459.2,188.8,931.7,32.9,23.8,"1,636.4","1,029.0",6.3,1.590295271
Birmingham,Birmingham,E08000025,2008,429.8,169.8,907.9,32.2,24.2,"1,563.9","1,039.0",6.3,1.505273706
Birmingham,Birmingham,E08000025,2009,416.0,170.1,884.9,32.1,23.4,"1,526.5","1,050.1",5.5,1.453699521
Birmingham,Birmingham,E08000025,2010,409.3,175.0,862.4,32.4,23.5,"1,502.5","1,061.1",5.6,1.416043676
Birmingham,Birmingham,E08000025,2011,406.9,176.9,843.0,32.1,23.5,"1,482.3","1,074.3",5.1,1.379777194
Birmingham,Birmingham,E08000025,2012,402.6,175.0,831.2,33.3,23.3,"1,465.4","1,085.4",5.3,1.350059935
Birmingham,Birmingham,E08000025,2013,385.2,170.8,814.8,32.7,23.6,"1,427.1","1,092.3",5.1,1.306463672
Birmingham,Birmingham,E08000025,2014,386.4,185.4,828.3,33.0,24.2,"1,457.3","1,101.4",4.4,1.323186688
Birmingham,Birmingham,E08000025,2015,393.6,186.7,812.1,30.0,24.7,"1,447.2","1,111.3",4.1,1.30222614
Blackburn with Darwen,Blackburn with Darwen,E06000008,2005,65.0,48.8,67.0,0.9,2.8,184.5,142.1,8.1,1.297669599
Blackburn with Darwen,Blackburn with Darwen,E06000008,2006,63.4,48.5,63.3,0.9,2.8,178.9,143.1,8.1,1.250080148
Blackburn with Darwen,Blackburn with Darwen,E06000008,2007,63.8,48.9,64.5,1.0,2.9,181.0,143.9,7.8,1.257696392
Blackburn with Darwen,Blackburn with Darwen,E06000008,2008,59.1,45.9,62.8,1.1,2.9,171.7,144.9,8.0,1.185226989
Blackburn with Darwen,Blackburn with Darwen,E06000008,2009,57.4,43.1,60.7,1.1,2.9,165.1,146.2,6.9,1.129532187
Blackburn with Darwen,Blackburn with Darwen,E06000008,2010,58.0,43.2,59.7,1.1,2.9,164.8,147.0,7.2,1.12143079
Blackburn with Darwen,Blackburn with Darwen,E06000008,2011,57.5,41.7,58.1,1.0,2.9,161.2,147.7,6.1,1.091987045
Blackburn with Darwen,Blackburn with Darwen,E06000008,2012,57.1,41.3,57.0,1.1,2.9,159.4,147.7,5.7,1.079013761
Blackburn with Darwen,Blackburn with Darwen,E06000008,2013,55.4,42.6,56.3,1.1,2.9,158.2,147.4,5.4,1.073477209
Blackburn with Darwen,Blackburn with Darwen,E06000008,2014,55.1,42.8,57.6,1.1,3.0,159.7,146.7,4.7,1.088132958
Blackburn with Darwen,Blackburn with Darwen,E06000008,2015,54.9,45.2,57.3,1.1,3.1,161.6,146.8,4.4,1.100145297
Blackpool,Blackpool,E06000009,2005,62.2,0.7,79.9,0.6,2.8,146.3,143.7,5.7,1.018136025
Blackpool,Blackpool,E06000009,2006,57.7,0.7,77.9,0.6,2.9,139.7,143.7,5.6,0.971916635
Blackpool,Blackpool,E06000009,2007,56.7,0.7,80.3,0.7,2.9,141.3,143.6,5.4,0.983579075
Blackpool,Blackpool,E06000009,2008,56.2,0.7,76.3,0.7,2.9,136.8,142.9,5.4,0.957232074
Blackpool,Blackpool,E06000009,2009,55.3,0.7,73.9,0.7,2.7,133.2,142.6,4.9,0.934555764
Blackpool,Blackpool,E06000009,2010,55.2,0.7,71.3,0.7,2.6,130.5,142.8,5.1,0.914120325
Blackpool,Blackpool,E06000009,2011,54.6,0.7,70.0,0.7,2.7,128.6,142.1,4.5,0.905371107
Blackpool,Blackpool,E06000009,2012,53.4,0.7,69.1,0.7,2.6,126.5,142.0,4.9,0.891066802
Blackpool,Blackpool,E06000009,2013,49.6,0.6,67.5,0.7,2.7,121.1,141.4,4.6,0.856426433
Blackpool,Blackpool,E06000009,2014,49.7,0.7,68.7,0.7,2.8,122.5,140.5,4.1,0.872001538
Blackpool,Blackpool,E06000009,2015,50.5,0.7,68.0,0.7,2.9,122.8,139.6,3.8,0.879567344
Bournemouth,Bournemouth,E06000028,2005,100.2,-,106.8,0.7,1.1,208.9,166.0,5.7,1.25834612
Bournemouth,Bournemouth,E06000028,2006,99.5,-,103.4,0.7,1.2,204.8,166.7,5.6,1.228397387
Bournemouth,Bournemouth,E06000028,2007,98.3,-,109.1,0.7,1.1,209.1,170.1,5.4,1.229570231
Bournemouth,Bournemouth,E06000028,2008,93.3,-,107.6,0.7,1.2,202.7,172.0,5.3,1.178681073
Bournemouth,Bournemouth,E06000028,2009,87.1,-,104.8,0.7,1.0,193.6,174.3,4.8,1.11092828
Bournemouth,Bournemouth,E06000028,2010,83.9,-,101.6,0.7,1.0,187.2,179.3,4.7,1.043825501
Bournemouth,Bournemouth,E06000028,2011,80.5,-,99.6,0.7,1.0,181.8,183.5,4.2,0.990806836
Bournemouth,Bournemouth,E06000028,2012,82.7,-,98.1,0.7,1.0,182.5,186.7,4.4,0.977116279
Bournemouth,Bournemouth,E06000028,2013,81.6,-,95.9,0.7,1.0,179.1,188.7,4.2,0.948913536
Bournemouth,Bournemouth,E06000028,2014,80.7,-,97.9,0.7,0.9,180.3,191.4,3.6,0.941956909
Bournemouth,Bournemouth,E06000028,2015,81.0,-,96.1,0.7,0.9,178.7,194.5,3.4,0.918597265
Bradford,Bradford,E08000032,2005,283.7,13.5,354.2,1.3,8.0,660.7,491.4,6.4,1.344710565
Bradford,Bradford,E08000032,2006,281.0,13.8,351.1,1.3,8.3,655.5,495.7,6.3,1.322399748
Bradford,Bradford,E08000032,2007,277.3,13.9,361.7,1.6,8.4,662.8,501.4,6.1,1.322026813
Bradford,Bradford,E08000032,2008,262.0,13.0,357.1,1.6,8.6,642.3,507.3,5.9,1.266086289
Bradford,Bradford,E08000032,2009,255.0,12.6,345.6,1.6,8.4,623.1,512.4,5.3,1.216100436
Bradford,Bradford,E08000032,2010,252.4,13.5,338.2,1.6,8.5,614.1,518.0,5.5,1.185607771
Bradford,Bradford,E08000032,2011,250.5,13.6,328.9,1.6,8.4,602.9,523.1,5.0,1.152470036
Bradford,Bradford,E08000032,2012,246.1,13.2,321.9,1.6,8.3,591.0,524.6,5.2,1.126594677
Bradford,Bradford,E08000032,2013,238.1,13.2,317.7,1.6,8.4,579.0,526.4,5.1,1.099962427
Bradford,Bradford,E08000032,2014,240.6,13.6,325.8,1.6,8.5,590.3,528.2,4.5,1.117584645
Bradford,Bradford,E08000032,2015,249.2,14.2,319.2,1.6,8.7,592.9,531.2,4.2,1.116178103
Brighton and Hove,Brighton and Hove,E06000043,2005,173.0,-,180.0,0.4,1.9,355.2,252.9,5.5,1.404868857
Brighton and Hove,Brighton and Hove,E06000043,2006,168.9,-,176.5,0.3,1.9,347.7,255.6,5.5,1.360379081
Brighton and Hove,Brighton and Hove,E06000043,2007,164.7,-,180.8,0.4,1.8,347.7,258.2,5.3,1.346764331
Brighton and Hove,Brighton and Hove,E06000043,2008,155.2,-,175.8,0.4,1.9,333.3,262.0,5.1,1.272222641
Brighton and Hove,Brighton and Hove,E06000043,2009,151.0,-,170.3,0.4,1.7,323.4,265.6,4.6,1.217676992
Brighton and Hove,Brighton and Hove,E06000043,2010,149.5,-,165.8,0.4,1.7,317.4,269.5,4.8,1.177699128
Brighton and Hove,Brighton and Hove,E06000043,2011,147.6,-,163.0,0.4,1.6,312.7,273.0,4.2,1.145477674
Brighton and Hove,Brighton and Hove,E06000043,2012,147.8,-,160.7,0.4,1.6,310.5,275.8,4.5,1.125975048
Brighton and Hove,Brighton and Hove,E06000043,2013,144.2,-,157.5,0.4,1.6,303.7,278.1,4.3,1.092000817
Brighton and Hove,Brighton and Hove,E06000043,2014,144.2,-,160.4,0.4,1.6,306.6,281.1,3.7,1.090974649
Brighton and Hove,Brighton and Hove,E06000043,2015,146.9,-,157.6,0.4,1.5,306.4,285.3,3.5,1.074102436
"Bristol, City of","Bristol, City of",E06000023,2005,177.7,79.8,320.2,6.0,3.7,587.5,405.4,6.5,1.449050905
"Bristol, City of","Bristol, City of",E06000023,2006,176.5,79.7,319.8,5.9,3.9,585.8,408.4,6.3,1.434172781
"Bristol, City of","Bristol, City of",E06000023,2007,176.4,82.2,332.9,6.1,3.9,601.6,411.9,6.1,1.460429198
"Bristol, City of","Bristol, City of",E06000023,2008,161.3,78.8,331.9,6.1,4.0,582.2,414.8,5.8,1.403465395
"Bristol, City of","Bristol, City of",E06000023,2009,157.2,76.0,321.8,6.2,3.8,565.0,419.0,5.1,1.348370968
"Bristol, City of","Bristol, City of",E06000023,2010,151.8,73.6,313.0,6.2,3.7,548.3,423.0,5.3,1.296184789
"Bristol, City of","Bristol, City of",E06000023,2011,151.4,74.2,306.5,6.1,3.7,541.9,428.1,4.8,1.265881291
"Bristol, City of","Bristol, City of",E06000023,2012,150.9,70.9,302.3,6.2,3.6,533.8,432.5,4.9,1.234369676
"Bristol, City of","Bristol, City of",E06000023,2013,150.4,71.2,295.5,6.2,3.6,526.9,437.5,4.7,1.204441309
"Bristol, City of","Bristol, City of",E06000023,2014,151.2,72.9,302.6,6.3,3.6,536.6,442.5,4.2,1.212623426
"Bristol, City of","Bristol, City of",E06000023,2015,153.5,75.9,297.6,5.9,3.6,536.6,449.3,3.8,1.194163486
Lancashire,Burnley,E07000117,2005,65.6,35.4,45.3,0.7,3.1,150.1,87.6,7.0,1.713470721
Lancashire,Burnley,E07000117,2006,63.9,37.2,45.0,0.7,3.2,149.9,87.6,6.8,1.709759934
Lancashire,Burnley,E07000117,2007,62.6,37.6,45.8,0.8,3.2,150.0,87.3,6.6,1.719204658
Lancashire,Burnley,E07000117,2008,60.7,35.3,44.8,0.8,3.3,144.8,87.3,6.4,1.658308824
Lancashire,Burnley,E07000117,2009,59.4,32.4,43.4,0.8,3.3,139.3,87.0,5.6,1.600197245
Lancashire,Burnley,E07000117,2010,59.0,30.9,42.7,0.8,3.3,136.7,86.9,5.9,1.572785902
Lancashire,Burnley,E07000117,2011,57.6,32.4,41.2,0.8,3.3,135.2,87.0,5.3,1.55338056
Lancashire,Burnley,E07000117,2012,55.9,32.2,40.0,0.8,3.3,132.1,87.1,5.5,1.515809317
Lancashire,Burnley,E07000117,2013,52.1,31.5,40.0,0.8,3.3,127.8,86.9,5.4,1.470357946
Lancashire,Burnley,E07000117,2014,52.6,33.0,41.5,0.8,3.4,131.2,87.3,4.8,1.503207647
Lancashire,Burnley,E07000117,2015,54.0,31.4,41.6,0.8,3.5,131.3,87.4,4.7,1.502541232
Cambridgeshire,Cambridge,E07000008,2005,56.6,10.4,47.0,0.3,1.4,115.7,117.2,6.7,0.987021022
Cambridgeshire,Cambridge,E07000008,2006,56.0,10.6,47.3,0.3,1.4,115.7,116.7,6.9,0.991713143
Cambridgeshire,Cambridge,E07000008,2007,55.9,10.9,49.8,0.4,1.4,118.4,115.5,6.8,1.025519759
Cambridgeshire,Cambridge,E07000008,2008,52.5,10.2,48.5,0.4,1.4,113.0,116.2,6.8,0.972952133
Cambridgeshire,Cambridge,E07000008,2009,51.6,9.7,46.7,0.4,1.3,109.7,116.7,6.2,0.93952981
Cambridgeshire,Cambridge,E07000008,2010,51.4,9.7,46.2,0.4,1.3,109.0,120.2,6.3,0.906503341
Cambridgeshire,Cambridge,E07000008,2011,51.6,9.3,43.9,0.4,1.3,106.5,122.7,5.7,0.867701138
Cambridgeshire,Cambridge,E07000008,2012,50.8,9.3,42.1,0.4,1.3,103.8,125.2,6.1,0.829517793
Cambridgeshire,Cambridge,E07000008,2013,49.9,9.7,42.7,0.4,1.3,104.0,126.7,5.8,0.821430833
Cambridgeshire,Cambridge,E07000008,2014,49.6,9.7,44.7,0.4,1.4,105.8,128.5,4.8,0.823203756
Cambridgeshire,Cambridge,E07000008,2015,51.8,11.4,45.0,0.4,1.4,109.9,130.9,4.2,0.839686876
Kent,Canterbury,E07000106,2005,169.9,-,86.3,0.1,1.3,257.6,141.9,6.2,1.815129224
Kent,Canterbury,E07000106,2006,175.3,-,85.9,0.1,1.4,262.7,143.5,6.1,1.830597376
Kent,Canterbury,E07000106,2007,174.2,-,88.1,0.1,1.3,263.8,145.2,6.0,1.816600092
Kent,Canterbury,E07000106,2008,164.7,-,86.8,0.1,1.4,253.0,146.1,5.9,1.731680409
Kent,Canterbury,E07000106,2009,159.5,-,83.9,0.1,1.3,244.8,146.4,5.5,1.671919418
Kent,Canterbury,E07000106,2010,155.8,-,83.1,0.1,1.3,240.3,148.7,5.6,1.616564176
Kent,Canterbury,E07000106,2011,156.8,-,80.2,0.1,1.2,238.3,150.6,5.1,1.582267377
Kent,Canterbury,E07000106,2012,154.8,-,77.9,0.1,1.2,234.0,153.4,5.2,1.525276559
Kent,Canterbury,E07000106,2013,153.5,-,78.4,0.1,1.2,233.2,155.3,5.0,1.501426474
Kent,Canterbury,E07000106,2014,154.3,-,81.2,0.1,1.2,236.9,157.6,4.3,1.502473452
Kent,Canterbury,E07000106,2015,161.0,-,80.1,0.1,1.2,242.4,160.0,4.4,1.515247917
Wales,Cardiff,W06000015,2005,267.1,127.5,329.1,9.1,3.7,736.4,321.0,8.4,2.294186316
Wales,Cardiff,W06000015,2006,265.8,117.1,324.4,8.9,3.8,719.9,323.8,7.6,2.223639669
Wales,Cardiff,W06000015,2007,264.6,117.4,332.7,9.9,3.7,728.4,328.2,7.4,2.219409139
Wales,Cardiff,W06000015,2008,246.2,116.2,325.4,9.8,3.8,701.4,332.8,7.3,2.107614734
Wales,Cardiff,W06000015,2009,236.2,108.0,316.1,9.8,3.5,673.6,337.7,6.7,1.994794682
Wales,Cardiff,W06000015,2010,226.3,107.1,308.7,9.8,3.4,655.3,341.4,6.8,1.9194048
Wales,Cardiff,W06000015,2011,231.3,102.9,302.1,9.7,3.4,649.4,345.4,5.9,1.879953619
Wales,Cardiff,W06000015,2012,226.6,114.4,298.0,10.0,3.3,652.4,348.5,6.5,1.872101117
Wales,Cardiff,W06000015,2013,221.2,115.6,292.6,10.0,3.4,642.9,351.7,6.1,1.827975143
Wales,Cardiff,W06000015,2014,224.4,120.9,298.7,10.1,3.5,657.6,354.3,5.5,1.856081841
Wales,Cardiff,W06000015,2015,230.7,128.0,292.8,9.4,3.4,664.3,357.2,5.1,1.859902868
Cumbria,Carlisle,E07000028,2005,108.7,120.5,49.5,11.3,4.2,294.2,105.6,4.1,2.78669906
Cumbria,Carlisle,E07000028,2006,107.6,122.5,50.3,11.1,4.3,295.7,106.7,3.8,2.771597121
Cumbria,Carlisle,E07000028,2007,105.2,123.8,52.0,11.4,4.3,296.6,107.3,3.6,2.764732024
Cumbria,Carlisle,E07000028,2008,98.8,123.5,50.9,11.2,4.3,288.7,107.2,3.2,2.694032922
Cumbria,Carlisle,E07000028,2009,96.3,118.9,49.3,11.1,4.0,279.6,107.0,2.5,2.61359882
Cumbria,Carlisle,E07000028,2010,96.3,114.6,49.0,11.2,3.9,275.0,107.0,2.6,2.570570754
Cumbria,Carlisle,E07000028,2011,95.6,113.3,46.7,11.1,4.0,270.7,107.5,2.0,2.519122967
Cumbria,Carlisle,E07000028,2012,95.9,113.8,44.9,11.5,3.9,270.1,108.0,2.8,2.502097114
Cumbria,Carlisle,E07000028,2013,90.8,114.6,45.6,11.3,4.0,266.4,107.9,2.3,2.467579041
Cumbria,Carlisle,E07000028,2014,89.3,116.2,47.7,11.4,4.2,268.8,108.0,1.3,2.488746735
Cumbria,Carlisle,E07000028,2015,90.2,121.6,47.9,10.4,4.3,274.5,108.2,0.8,2.537725596
Essex,Chelmsford,E07000070,2005,266.0,-,122.3,0.6,2.1,391.0,163.6,7.0,2.390211424
Essex,Chelmsford,E07000070,2006,273.2,-,121.0,0.6,2.2,397.0,163.9,7.0,2.42274781
Essex,Chelmsford,E07000070,2007,267.7,-,126.1,0.7,2.1,396.6,164.4,7.0,2.412691997
Essex,Chelmsford,E07000070,2008,250.6,-,125.4,0.7,2.2,378.8,165.0,6.8,2.295217982
Essex,Chelmsford,E07000070,2009,251.2,-,121.0,0.7,2.1,374.9,166.2,6.4,2.255888532
Essex,Chelmsford,E07000070,2010,248.5,-,119.2,0.7,2.1,370.5,167.4,6.6,2.212587303
Essex,Chelmsford,E07000070,2011,256.6,-,114.9,0.7,2.1,374.2,168.5,6.1,2.221181025
Essex,Chelmsford,E07000070,2012,254.1,-,111.5,0.7,2.0,368.3,169.3,6.3,2.175026814
Essex,Chelmsford,E07000070,2013,257.2,-,111.8,0.7,2.1,371.8,170.3,6.2,2.183579508
Essex,Chelmsford,E07000070,2014,259.2,-,116.0,0.7,2.1,377.9,171.6,5.5,2.201795441
Essex,Chelmsford,E07000070,2015,268.3,-,114.9,0.7,2.0,386.0,172.6,5.3,2.235931588
West Sussex,Chichester,E07000225,2005,194.5,-,157.4,0.2,1.9,353.9,108.8,9.7,3.253686851
West Sussex,Chichester,E07000225,2006,188.4,-,157.4,0.2,1.9,347.9,109.7,9.3,3.171559404
West Sussex,Chichester,E07000225,2007,190.3,-,159.3,0.2,1.9,351.7,110.6,9.0,3.180037809
West Sussex,Chichester,E07000225,2008,180.6,-,153.3,0.2,1.9,336.0,111.8,8.8,3.005843189
West Sussex,Chichester,E07000225,2009,174.8,-,149.3,0.2,1.8,326.0,112.5,8.4,2.898245049
West Sussex,Chichester,E07000225,2010,171.9,-,147.5,0.2,1.8,321.3,113.4,8.7,2.83323646
West Sussex,Chichester,E07000225,2011,172.3,-,143.5,0.2,1.7,317.7,114.0,8.0,2.786971038
West Sussex,Chichester,E07000225,2012,168.5,-,140.3,0.2,1.6,310.7,114.5,8.2,2.712819507
West Sussex,Chichester,E07000225,2013,163.6,-,140.6,0.2,1.7,306.0,115.3,7.9,2.653742285
West Sussex,Chichester,E07000225,2014,164.2,-,146.2,0.2,1.6,312.3,115.5,6.9,2.702872936
West Sussex,Chichester,E07000225,2015,173.6,-,145.6,0.2,1.6,320.9,117.0,6.8,2.743516651
Scotland,City of Edinburgh,S12000036,2005,385.8,98.4,309.1,8.6,23.1,825.0,449.5,7.6,1.835442634
Scotland,City of Edinburgh,S12000036,2006,376.3,93.2,311.2,8.4,23.6,812.6,452.1,7.7,1.797629177
Scotland,City of Edinburgh,S12000036,2007,369.6,100.3,322.0,9.6,23.9,825.4,456.0,7.5,1.809894055
Scotland,City of Edinburgh,S12000036,2008,339.3,102.3,317.7,9.6,23.6,792.4,458.5,7.4,1.7282256
Scotland,City of Edinburgh,S12000036,2009,336.4,104.7,309.0,9.6,22.2,781.9,463.2,6.7,1.687871472
Scotland,City of Edinburgh,S12000036,2010,330.2,100.5,304.6,9.6,21.5,766.5,469.9,6.8,1.630976994
Scotland,City of Edinburgh,S12000036,2011,320.5,99.7,297.1,9.5,22.1,748.9,477.9,6.1,1.566876069
Scotland,City of Edinburgh,S12000036,2012,314.8,99.0,291.5,9.7,21.9,736.9,482.6,6.4,1.526775109
Scotland,City of Edinburgh,S12000036,2013,310.4,99.3,287.9,9.8,22.6,729.9,487.5,6.1,1.497290558
Scotland,City of Edinburgh,S12000036,2014,306.8,99.1,295.1,9.9,23.3,734.2,492.6,5.2,1.490506903
Scotland,City of Edinburgh,S12000036,2015,320.4,105.2,289.9,9.5,24.4,749.4,498.8,4.9,1.502292586
City of London,City of London,E09000001,2005,50.7,-,23.0,0.0,0.2,74.0,7.1,230.1,10.37024379
City of London,City of London,E09000001,2006,51.1,-,21.9,0.0,0.3,73.3,7.3,244.4,10.09921652
City of London,City of London,E09000001,2007,49.8,-,22.0,0.0,0.2,72.1,7.6,219.9,9.479162055
City of London,City of London,E09000001,2008,44.6,-,21.2,0.0,0.2,66.1,7.4,227.6,8.899161894
City of London,City of London,E09000001,2009,40.8,-,20.7,0.0,0.2,61.7,7.5,198.5,8.261084418
City of London,City of London,E09000001,2010,40.6,-,20.4,0.0,0.2,61.2,7.3,223.1,8.346844035
City of London,City of London,E09000001,2011,39.1,-,19.7,0.0,0.2,59.1,7.4,188.2,7.966842094
City of London,City of London,E09000001,2012,37.8,-,19.3,0.0,0.2,57.3,7.6,202.4,7.533816158
City of London,City of London,E09000001,2013,37.1,-,18.8,0.0,0.2,56.1,7.6,185.6,7.331852504
City of London,City of London,E09000001,2014,37.2,-,19.1,0.0,0.2,56.6,8.1,128.7,7.007220491
City of London,City of London,E09000001,2015,38.5,-,18.6,0.0,0.2,57.4,8.8,98.2,6.548310728
Coventry,Coventry,E08000026,2005,159.2,45.9,291.5,6.6,6.9,510.1,298.4,7.2,1.709559466
Coventry,Coventry,E08000026,2006,152.9,45.8,286.5,6.5,7.0,498.7,300.1,7.0,1.661696329
Coventry,Coventry,E08000026,2007,149.2,45.1,293.8,6.6,7.1,501.8,301.4,6.6,1.664727067
Coventry,Coventry,E08000026,2008,139.3,41.6,285.8,6.5,7.2,480.4,305.2,6.3,1.574153689
Coventry,Coventry,E08000026,2009,135.1,36.0,276.7,6.4,6.9,461.1,307.4,5.5,1.500076298
Coventry,Coventry,E08000026,2010,135.2,46.1,268.6,6.5,6.9,463.3,311.7,5.8,1.486403087
Coventry,Coventry,E08000026,2011,134.6,42.3,263.2,6.4,6.9,453.4,316.9,5.1,1.430570948
Coventry,Coventry,E08000026,2012,131.3,42.9,259.5,6.7,6.8,447.2,323.1,5.4,1.383910654
Coventry,Coventry,E08000026,2013,125.5,39.7,254.7,6.5,6.9,433.3,329.8,5.1,1.313795
Coventry,Coventry,E08000026,2014,129.9,44.6,259.8,6.6,7.1,448.0,337.4,4.6,1.32780852
Coventry,Coventry,E08000026,2015,135.7,46.3,255.2,6.0,7.3,450.5,345.4,4.2,1.304272084
West Sussex,Crawley,E07000226,2005,75.0,106.2,54.6,0.1,44.6,280.6,99.7,8.7,2.813869571
West Sussex,Crawley,E07000226,2006,74.7,104.9,54.5,0.1,45.4,279.7,100.7,8.8,2.775895186
West Sussex,Crawley,E07000226,2007,72.3,102.9,55.3,0.2,46.4,277.0,101.6,8.5,2.726281742
West Sussex,Crawley,E07000226,2008,64.3,91.9,52.4,0.2,45.2,254.0,102.8,8.4,2.469967024
West Sussex,Crawley,E07000226,2009,59.8,86.9,50.8,0.2,42.6,240.3,103.8,7.5,2.314235388
West Sussex,Crawley,E07000226,2010,56.8,89.9,50.0,0.2,41.3,238.1,105.5,7.7,2.257568784
West Sussex,Crawley,E07000226,2011,56.0,91.5,48.4,0.2,42.7,238.8,107.1,6.9,2.230540752
West Sussex,Crawley,E07000226,2012,54.6,87.7,47.1,0.2,42.6,232.2,108.3,7.0,2.144063026
West Sussex,Crawley,E07000226,2013,52.4,83.6,47.1,0.2,43.9,227.3,109.0,6.7,2.086053562
West Sussex,Crawley,E07000226,2014,52.6,74.4,49.0,0.2,45.7,221.8,109.9,5.3,2.018909655
West Sussex,Crawley,E07000226,2015,53.8,81.7,48.8,0.1,48.2,232.7,110.9,5.4,2.098865037
Derby,Derby,E06000015,2005,172.1,-,250.2,12.0,2.4,436.8,236.5,7.3,1.847023033
Derby,Derby,E06000015,2006,166.6,-,246.5,11.8,2.5,427.4,238.1,7.1,1.794901796
Derby,Derby,E06000015,2007,163.3,-,255.3,11.8,2.4,432.8,239.9,6.7,1.804109818
Derby,Derby,E06000015,2008,159.4,-,251.7,11.6,2.6,425.2,241.9,6.8,1.758073098
Derby,Derby,E06000015,2009,153.9,-,245.0,11.5,2.4,412.8,244.0,6.5,1.691801162
Derby,Derby,E06000015,2010,152.1,-,238.0,11.7,2.4,404.1,247.0,6.3,1.635728952
Derby,Derby,E06000015,2011,150.2,-,232.6,11.5,2.3,396.6,248.9,5.7,1.593299663
Derby,Derby,E06000015,2012,148.7,-,229.1,11.9,2.2,391.9,250.6,5.7,1.564240209
Derby,Derby,E06000015,2013,145.0,-,224.4,11.6,2.2,383.3,251.4,5.8,1.524720748
Derby,Derby,E06000015,2014,147.2,-,229.4,11.8,2.2,390.6,252.5,4.9,1.546974372
Derby,Derby,E06000015,2015,152.3,-,224.1,10.8,2.2,389.4,254.3,4.5,1.531578195
Northern Ireland,Derry City and Strabane,N09000005,2005,148.2,-,146.0,0.6,2.7,297.6,145.4,8.7,2.046024142
Northern Ireland,Derry City and Strabane,N09000005,2006,145.0,-,150.2,0.6,2.7,298.5,145.9,9.0,2.046694324
Northern Ireland,Derry City and Strabane,N09000005,2007,151.8,-,154.9,0.7,2.8,310.2,146.7,9.0,2.114115353
Northern Ireland,Derry City and Strabane,N09000005,2008,140.5,-,155.1,0.8,2.8,299.2,147.5,8.8,2.028364253
Northern Ireland,Derry City and Strabane,N09000005,2009,137.2,-,153.8,0.8,2.7,294.4,148.1,8.4,1.988539532
Northern Ireland,Derry City and Strabane,N09000005,2010,136.2,-,149.5,0.8,2.6,289.1,148.1,8.8,1.951175885
Northern Ireland,Derry City and Strabane,N09000005,2011,137.1,-,142.8,0.8,2.6,283.3,148.2,8.0,1.911863209
Northern Ireland,Derry City and Strabane,N09000005,2012,131.2,-,140.1,0.8,2.6,274.6,148.6,8.2,1.847871072
Northern Ireland,Derry City and Strabane,N09000005,2013,128.0,-,139.5,0.8,2.7,270.9,148.6,8.1,1.822380678
Northern Ireland,Derry City and Strabane,N09000005,2014,125.4,-,140.5,0.8,2.7,269.3,149.2,7.5,1.804877834
Northern Ireland,Derry City and Strabane,N09000005,2015,130.0,-,134.8,0.8,2.7,268.3,149.5,7.1,1.795126109
Doncaster,Doncaster,E08000017,2005,256.3,398.2,252.9,33.4,14.2,955.0,292.2,9.4,3.268559289
Doncaster,Doncaster,E08000017,2006,248.1,395.5,250.2,32.7,14.6,941.0,294.0,9.2,3.200803111
Doncaster,Doncaster,E08000017,2007,250.2,390.4,259.2,33.2,14.8,947.8,296.2,8.8,3.199607629
Doncaster,Doncaster,E08000017,2008,235.2,367.0,254.5,32.1,15.1,903.9,298.4,8.6,3.029428548
Doncaster,Doncaster,E08000017,2009,227.0,353.7,244.9,31.8,14.8,872.2,300.2,7.8,2.905703581
Doncaster,Doncaster,E08000017,2010,222.8,357.7,241.1,32.2,14.9,868.8,301.3,8.1,2.883361611
Doncaster,Doncaster,E08000017,2011,219.7,358.8,232.9,31.9,14.9,858.1,302.5,7.5,2.837009644
Doncaster,Doncaster,E08000017,2012,216.4,380.3,226.0,33.5,14.9,871.1,302.7,7.8,2.877530045
Doncaster,Doncaster,E08000017,2013,211.1,379.7,224.6,32.8,15.1,863.3,303.6,7.7,2.843270188
Doncaster,Doncaster,E08000017,2014,214.3,388.9,231.9,32.9,15.6,883.7,304.2,7.0,2.904977532
Doncaster,Doncaster,E08000017,2015,222.6,416.2,227.5,29.1,16.1,911.5,304.8,6.8,2.990374873
Scotland,Dundee City,S12000042,2005,95.3,-,131.2,1.1,8.3,235.9,143.6,7.5,1.642698847
Scotland,Dundee City,S12000042,2006,95.4,-,130.0,1.0,8.5,234.9,143.4,7.5,1.638652128
Scotland,Dundee City,S12000042,2007,95.5,-,135.0,1.2,8.6,240.3,143.7,7.4,1.672111626
Scotland,Dundee City,S12000042,2008,90.9,-,133.1,1.2,8.5,233.7,144.3,7.2,1.619933636
Scotland,Dundee City,S12000042,2009,90.3,-,126.4,1.2,8.0,225.8,145.2,6.4,1.555579312
Scotland,Dundee City,S12000042,2010,89.6,-,123.5,1.2,7.7,222.1,146.1,6.6,1.520562824
Scotland,Dundee City,S12000042,2011,87.4,-,121.3,1.2,8.0,217.9,147.2,6.0,1.480057624
Scotland,Dundee City,S12000042,2012,87.5,-,119.3,1.2,7.9,215.9,147.8,6.2,1.461133598
Scotland,Dundee City,S12000042,2013,84.1,-,117.4,1.2,8.1,210.9,148.1,5.9,1.423820682
Scotland,Dundee City,S12000042,2014,81.9,-,120.2,1.3,8.4,211.8,148.1,5.1,1.429688236
Scotland,Dundee City,S12000042,2015,83.3,-,117.7,1.2,8.8,211.1,148.2,4.9,1.424107778
Devon,Exeter,E07000041,2005,41.3,30.3,39.1,2.5,0.5,113.8,113.0,7.6,1.007260586
Devon,Exeter,E07000041,2006,42.5,29.3,40.1,2.5,0.6,114.9,113.1,5.9,1.015685746
Devon,Exeter,E07000041,2007,42.0,26.2,42.1,2.8,0.5,113.6,114.1,5.7,0.995815748
Devon,Exeter,E07000041,2008,39.7,25.7,41.8,2.9,0.6,110.7,114.2,5.9,0.969462513
Devon,Exeter,E07000041,2009,37.9,25.5,40.1,2.9,0.5,106.9,114.4,5.2,0.9345276
Devon,Exeter,E07000041,2010,36.3,25.3,39.8,2.9,0.5,104.8,115.7,5.3,0.905886723
Devon,Exeter,E07000041,2011,37.1,25.0,37.7,2.8,0.5,103.1,117.1,4.7,0.8805105
Devon,Exeter,E07000041,2012,36.2,25.3,36.0,2.9,0.5,100.8,119.4,5.1,0.844569966
Devon,Exeter,E07000041,2013,35.9,25.4,36.8,2.9,0.5,101.5,121.8,4.9,0.833324753
Devon,Exeter,E07000041,2014,34.5,26.2,38.5,2.9,0.5,102.7,124.3,4.3,0.825888448
Devon,Exeter,E07000041,2015,35.7,27.7,38.0,2.8,0.5,104.6,127.3,3.8,0.821968102
Scotland,Glasgow City,S12000046,2005,237.8,317.7,356.1,5.3,4.2,921.0,569.2,7.2,1.617890015
Scotland,Glasgow City,S12000046,2006,227.8,319.7,356.0,5.2,4.3,912.9,568.5,7.2,1.605936752
Scotland,Glasgow City,S12000046,2007,223.0,322.5,367.2,5.9,4.2,922.7,571.8,7.0,1.613860297
Scotland,Glasgow City,S12000046,2008,207.8,316.3,360.8,5.8,4.4,895.2,576.2,7.1,1.5535581
Scotland,Glasgow City,S12000046,2009,203.6,307.1,346.3,5.8,4.0,866.9,581.6,6.1,1.490411113
Scotland,Glasgow City,S12000046,2010,202.5,305.8,338.5,5.8,4.0,856.6,586.5,6.4,1.460540361
Scotland,Glasgow City,S12000046,2011,196.1,312.0,329.5,5.8,3.9,847.3,593.1,5.8,1.428682396
Scotland,Glasgow City,S12000046,2012,194.1,323.4,322.6,5.9,3.8,849.9,595.1,6.2,1.428262401
Scotland,Glasgow City,S12000046,2013,191.4,326.4,316.8,5.9,3.9,844.4,596.5,5.9,1.415527026
Scotland,Glasgow City,S12000046,2014,192.4,319.1,323.5,6.0,3.8,844.8,599.6,5.0,1.408870201
Scotland,Glasgow City,S12000046,2015,191.5,323.8,315.5,5.6,3.8,840.2,606.3,4.6,1.385647437
Gloucestershire,Gloucester,E07000081,2005,74.0,-,57.0,3.6,3.8,138.5,113.9,6.3,1.21599205
Gloucestershire,Gloucester,E07000081,2006,71.2,-,57.8,3.5,3.9,136.5,115.3,6.3,1.1835426
Gloucestershire,Gloucester,E07000081,2007,69.3,-,61.4,3.7,4.0,138.4,117.2,6.0,1.180576364
Gloucestershire,Gloucester,E07000081,2008,66.2,-,60.7,3.6,4.1,134.6,118.4,5.9,1.137273338
Gloucestershire,Gloucester,E07000081,2009,63.8,-,58.6,3.5,4.1,130.0,119.3,5.3,1.089370105
Gloucestershire,Gloucester,E07000081,2010,63.1,-,57.9,3.6,4.1,128.7,120.7,5.5,1.066378586
Gloucestershire,Gloucester,E07000081,2011,60.8,-,55.5,3.5,4.1,124.0,121.9,4.9,1.016856878
Gloucestershire,Gloucester,E07000081,2012,59.7,-,53.6,3.8,4.1,121.2,123.4,5.3,0.981890253
Gloucestershire,Gloucester,E07000081,2013,58.3,-,53.9,3.7,4.2,120.1,124.6,5.0,0.964179919
Gloucestershire,Gloucester,E07000081,2014,58.9,-,56.0,3.7,4.3,122.9,125.6,4.1,0.977835093
Gloucestershire,Gloucester,E07000081,2015,59.9,-,55.4,3.2,4.4,123.0,127.2,3.8,0.966913563
"Herefordshire, County of","Herefordshire, County of",E06000019,2005,290.3,23.6,137.6,15.2,2.1,468.8,176.6,9.6,2.654824859
"Herefordshire, County of","Herefordshire, County of",E06000019,2006,283.1,21.6,138.2,15.1,2.1,460.1,178.1,9.5,2.583106642
"Herefordshire, County of","Herefordshire, County of",E06000019,2007,283.9,21.8,142.9,15.7,2.1,466.4,179.9,9.2,2.59191341
"Herefordshire, County of","Herefordshire, County of",E06000019,2008,264.3,20.8,141.5,15.7,2.2,444.4,181.8,8.9,2.444770966
"Herefordshire, County of","Herefordshire, County of",E06000019,2009,257.1,19.9,136.7,15.7,2.0,431.4,182.4,8.3,2.365398885
"Herefordshire, County of","Herefordshire, County of",E06000019,2010,255.3,19.7,137.0,15.8,2.0,429.9,182.9,8.7,2.351086376
"Herefordshire, County of","Herefordshire, County of",E06000019,2011,253.3,19.3,129.1,15.6,1.9,419.1,183.6,8.0,2.282575202
"Herefordshire, County of","Herefordshire, County of",E06000019,2012,253.3,18.7,123.4,15.9,1.9,413.2,184.9,8.0,2.234381838
"Herefordshire, County of","Herefordshire, County of",E06000019,2013,246.9,18.7,126.1,15.7,1.9,409.4,186.1,7.9,2.199903387
"Herefordshire, County of","Herefordshire, County of",E06000019,2014,249.6,18.9,132.8,16.0,1.9,419.2,187.2,7.4,2.239771011
"Herefordshire, County of","Herefordshire, County of",E06000019,2015,256.4,19.4,132.3,15.2,1.9,425.1,188.1,6.9,2.259875087
Suffolk,Ipswich,E07000202,2005,84.2,-,44.3,2.8,0.6,131.9,124.0,5.8,1.063690056
Suffolk,Ipswich,E07000202,2006,83.0,-,44.7,2.7,0.6,131.0,124.8,5.7,1.050213185
Suffolk,Ipswich,E07000202,2007,83.0,-,46.6,2.8,0.6,133.0,125.5,5.5,1.060288451
Suffolk,Ipswich,E07000202,2008,79.5,-,45.8,2.7,0.7,128.6,127.4,5.3,1.009756495
Suffolk,Ipswich,E07000202,2009,77.0,-,44.1,2.6,0.6,124.4,129.3,4.7,0.961607072
Suffolk,Ipswich,E07000202,2010,76.8,-,43.7,2.7,0.6,123.7,131.7,4.8,0.939179085
Suffolk,Ipswich,E07000202,2011,75.5,-,41.6,2.7,0.6,120.3,133.7,4.2,0.899685571
Suffolk,Ipswich,E07000202,2012,67.4,-,39.9,2.9,0.5,110.7,134.5,4.3,0.823277311
Suffolk,Ipswich,E07000202,2013,65.8,-,40.3,2.8,0.5,109.4,134.7,4.2,0.811841747
Suffolk,Ipswich,E07000202,2014,66.9,-,41.9,2.8,0.5,112.1,135.0,3.7,0.830908993
Suffolk,Ipswich,E07000202,2015,70.2,-,42.2,2.3,0.5,115.2,135.6,3.4,0.849427053
"Kingston upon Hull, City of","Kingston upon Hull, City of",E06000010,2005,139.4,-,198.6,0.8,1.6,340.5,255.2,7.0,1.334468863
"Kingston upon Hull, City of","Kingston upon Hull, City of",E06000010,2006,134.5,-,193.7,0.8,1.7,330.7,255.5,6.8,1.294198081
"Kingston upon Hull, City of","Kingston upon Hull, City of",E06000010,2007,129.3,-,200.6,0.9,1.6,332.4,255.8,6.5,1.299738122
"Kingston upon Hull, City of","Kingston upon Hull, City of",E06000010,2008,122.3,-,196.5,0.8,1.7,321.3,256.7,6.4,1.251583264
"Kingston upon Hull, City of","Kingston upon Hull, City of",E06000010,2009,122.6,-,192.5,0.8,1.6,317.5,256.1,5.7,1.239739022
"Kingston upon Hull, City of","Kingston upon Hull, City of",E06000010,2010,121.1,-,187.1,0.8,1.5,310.6,256.2,5.9,1.21254847
"Kingston upon Hull, City of","Kingston upon Hull, City of",E06000010,2011,118.6,-,182.8,0.8,1.5,303.7,256.1,5.4,1.185726716
"Kingston upon Hull, City of","Kingston upon Hull, City of",E06000010,2012,116.7,-,180.4,0.9,1.5,299.4,257.2,5.6,1.16406157
"Kingston upon Hull, City of","Kingston upon Hull, City of",E06000010,2013,116.3,-,176.7,0.9,1.5,295.3,257.6,5.4,1.146310117
"Kingston upon Hull, City of","Kingston upon Hull, City of",E06000010,2014,118.6,-,180.7,0.9,1.4,301.6,257.7,4.7,1.170332768
"Kingston upon Hull, City of","Kingston upon Hull, City of",E06000010,2015,122.3,-,174.0,0.8,1.4,298.5,259.0,4.5,1.152362898
Lancashire,Lancaster,E07000121,2005,95.3,185.5,99.8,4.9,8.9,394.4,136.8,8.2,2.88357541
Lancashire,Lancaster,E07000121,2006,89.2,172.5,99.0,4.9,9.1,374.8,136.7,7.9,2.741882017
Lancashire,Lancaster,E07000121,2007,88.3,165.9,100.8,5.0,9.3,369.2,136.2,7.6,2.70970216
Lancashire,Lancaster,E07000121,2008,84.3,173.2,99.0,5.0,9.6,371.1,135.8,7.7,2.732301742
Lancashire,Lancaster,E07000121,2009,82.7,165.9,96.0,5.1,9.6,359.3,136.0,7.1,2.641613994
Lancashire,Lancaster,E07000121,2010,84.5,154.4,94.5,5.1,9.6,348.2,137.1,7.3,2.539486179
Lancashire,Lancaster,E07000121,2011,83.8,154.4,91.3,5.0,9.6,344.2,137.8,6.6,2.497104653
Lancashire,Lancaster,E07000121,2012,83.0,151.3,88.9,5.0,9.6,337.8,139.7,6.8,2.418735247
Lancashire,Lancaster,E07000121,2013,81.7,152.3,89.0,5.0,9.7,337.7,140.6,6.6,2.402543541
Lancashire,Lancaster,E07000121,2014,82.5,159.6,92.3,5.1,10.1,349.6,141.3,6.1,2.474846655
Lancashire,Lancaster,E07000121,2015,84.5,166.3,92.4,5.0,10.4,358.5,142.3,5.9,2.519586734
Leeds,Leeds,E08000035,2005,577.3,609.5,534.9,17.7,21.8,"1,761.3",735.1,7.8,2.396113154
Leeds,Leeds,E08000035,2006,569.7,603.7,522.2,17.5,22.4,"1,735.5",736.2,7.8,2.357405324
Leeds,Leeds,E08000035,2007,575.6,605.7,536.4,18.4,22.6,"1,758.7",738.6,7.5,2.381264842
Leeds,Leeds,E08000035,2008,531.6,570.5,527.2,18.4,22.8,"1,670.4",741.7,7.4,2.252255608
Leeds,Leeds,E08000035,2009,502.8,534.9,512.1,18.5,21.6,"1,589.8",743.9,6.7,2.137217059
Leeds,Leeds,E08000035,2010,490.4,543.8,502.4,18.6,21.5,"1,576.7",747.6,6.9,2.10904843
Leeds,Leeds,E08000035,2011,482.1,539.8,487.9,18.3,21.5,"1,549.7",750.7,6.3,2.064337229
Leeds,Leeds,E08000035,2012,474.0,531.8,481.8,18.6,21.3,"1,527.5",757.7,6.5,2.016154894
Leeds,Leeds,E08000035,2013,461.4,531.3,474.4,18.5,21.7,"1,507.4",761.5,6.3,1.979523861
Leeds,Leeds,E08000035,2014,459.5,551.3,485.4,18.8,22.2,"1,537.2",766.4,5.6,2.005718415
Leeds,Leeds,E08000035,2015,466.0,597.8,476.1,17.9,22.8,"1,580.7",774.1,5.3,2.042029253
Leicester,Leicester,E06000016,2005,175.3,-,195.7,2.3,4.0,377.3,301.5,6.9,1.25121058
Leicester,Leicester,E06000016,2006,172.1,-,195.5,2.2,4.2,374.1,306.5,6.7,1.220277617
Leicester,Leicester,E06000016,2007,168.6,-,202.1,2.3,4.2,377.2,311.3,6.4,1.211810953
Leicester,Leicester,E06000016,2008,158.6,-,200.5,2.2,4.3,365.7,315.5,6.1,1.159100117
Leicester,Leicester,E06000016,2009,154.4,-,194.7,2.2,4.2,355.4,319.7,5.5,1.111718033
Leicester,Leicester,E06000016,2010,151.1,-,190.0,2.2,4.2,347.4,324.9,5.6,1.069309136
Leicester,Leicester,E06000016,2011,150.3,-,186.5,2.2,4.1,343.0,329.6,5.0,1.040706313
Leicester,Leicester,E06000016,2012,148.0,-,184.0,2.4,4.1,338.4,331.6,5.4,1.020584555
Leicester,Leicester,E06000016,2013,144.1,-,180.4,2.3,4.1,331.0,333.8,5.2,0.99169954
Leicester,Leicester,E06000016,2014,147.6,-,184.4,2.3,4.2,338.5,337.7,4.6,1.002646268
Leicester,Leicester,E06000016,2015,148.6,-,180.7,1.9,4.3,335.5,342.6,4.1,0.979227349
Staffordshire,Lichfield,E07000194,2005,213.3,56.9,47.5,9.6,19.5,346.8,96.3,8.9,3.601291635
Staffordshire,Lichfield,E07000194,2006,210.1,57.7,47.4,9.3,20.1,344.6,97.4,8.9,3.536450615
Staffordshire,Lichfield,E07000194,2007,216.9,60.5,48.8,9.8,20.6,356.6,98.5,8.8,3.61900735
Staffordshire,Lichfield,E07000194,2008,207.0,50.8,48.0,9.3,21.1,336.1,99.5,8.4,3.378692489
Staffordshire,Lichfield,E07000194,2009,197.8,48.9,46.2,9.2,21.2,323.2,100.0,7.6,3.231966826
Staffordshire,Lichfield,E07000194,2010,192.5,47.2,45.6,9.3,21.5,316.1,100.4,7.8,3.147498719
Staffordshire,Lichfield,E07000194,2011,193.9,46.3,43.9,9.2,21.5,314.9,100.9,7.3,3.120315676
Staffordshire,Lichfield,E07000194,2012,190.2,46.1,42.5,9.9,21.5,310.2,101.2,7.6,3.065891607
Staffordshire,Lichfield,E07000194,2013,189.7,45.5,42.7,9.7,21.8,309.4,101.8,7.4,3.039965701
Staffordshire,Lichfield,E07000194,2014,193.9,46.0,44.4,9.6,22.8,316.8,102.1,6.7,3.102920896
Staffordshire,Lichfield,E07000194,2015,205.3,46.7,44.1,8.2,23.6,327.9,102.7,6.6,3.192756363
Lincolnshire,Lincoln,E07000138,2005,31.8,-,31.3,1.4,1.2,65.7,88.6,6.2,0.74185984
Lincolnshire,Lincoln,E07000138,2006,31.0,-,32.1,1.3,1.2,65.7,89.4,6.2,0.734233662
Lincolnshire,Lincoln,E07000138,2007,31.1,-,33.7,1.4,1.3,67.4,89.9,5.9,0.750329636
Lincolnshire,Lincoln,E07000138,2008,30.1,-,33.3,1.3,1.3,66.1,90.2,5.8,0.73256092
Lincolnshire,Lincoln,E07000138,2009,29.0,-,32.1,1.3,1.3,63.7,90.8,5.1,0.701496654
Lincolnshire,Lincoln,E07000138,2010,28.7,-,32.0,1.3,1.3,63.3,92.2,5.2,0.686157159
Lincolnshire,Lincoln,E07000138,2011,27.8,-,30.2,1.3,1.3,60.6,93.1,4.7,0.651186659
Lincolnshire,Lincoln,E07000138,2012,27.7,-,28.7,1.4,1.3,59.2,94.6,5.0,0.625676078
Lincolnshire,Lincoln,E07000138,2013,27.1,-,29.3,1.4,1.3,59.1,95.6,4.9,0.617767692
Lincolnshire,Lincoln,E07000138,2014,27.6,-,30.6,1.4,1.3,60.9,96.2,4.0,0.6334258
Lincolnshire,Lincoln,E07000138,2015,28.5,-,30.1,1.2,1.4,61.2,97.1,3.7,0.630287317
Northern Ireland,Lisburn and Castlereagh,N09000007,2005,169.0,87.3,98.0,4.0,1.7,360.1,127.0,8.3,2.83522748
Northern Ireland,Lisburn and Castlereagh,N09000007,2006,168.8,83.2,100.8,4.0,1.8,358.5,127.6,8.4,2.809649734
Northern Ireland,Lisburn and Castlereagh,N09000007,2007,168.2,106.1,103.9,4.7,1.7,384.6,128.2,8.7,2.999753281
Northern Ireland,Lisburn and Castlereagh,N09000007,2008,155.6,86.1,104.1,4.7,1.9,352.4,129.4,8.1,2.723339451
Northern Ireland,Lisburn and Castlereagh,N09000007,2009,148.9,80.6,103.2,4.8,1.7,339.2,130.8,7.5,2.593208017
Northern Ireland,Lisburn and Castlereagh,N09000007,2010,146.8,80.1,100.3,4.8,1.7,333.8,131.9,7.8,2.530664863
Northern Ireland,Lisburn and Castlereagh,N09000007,2011,147.7,80.9,95.9,4.7,1.7,330.9,132.7,7.2,2.49257782
Northern Ireland,Lisburn and Castlereagh,N09000007,2012,144.9,79.6,94.1,4.7,1.6,324.9,133.7,7.1,2.430349587
Northern Ireland,Lisburn and Castlereagh,N09000007,2013,139.7,78.0,93.7,4.8,1.7,317.9,134.0,6.9,2.371588506
Northern Ireland,Lisburn and Castlereagh,N09000007,2014,139.3,82.6,94.3,4.9,1.6,322.8,138.6,6.4,2.328593251
Northern Ireland,Lisburn and Castlereagh,N09000007,2015,143.0,83.8,90.6,4.8,1.6,323.9,140.2,5.7,2.309899412
Liverpool,Liverpool,E08000012,2005,294.2,5.3,352.2,11.0,13.9,676.5,452.3,6.4,1.495788174
Liverpool,Liverpool,E08000012,2006,286.0,5.3,338.4,11.0,14.1,654.8,453.1,6.3,1.445252003
Liverpool,Liverpool,E08000012,2007,280.7,5.4,346.6,10.9,14.3,657.8,453.6,6.3,1.45034345
Liverpool,Liverpool,E08000012,2008,269.0,5.1,335.9,11.1,14.1,635.2,454.5,6.1,1.397743915
Liverpool,Liverpool,E08000012,2009,260.8,4.9,326.1,11.2,13.2,616.2,457.5,5.5,1.34683883
Liverpool,Liverpool,E08000012,2010,259.6,4.8,316.3,11.3,12.9,604.8,461.4,5.6,1.310831383
Liverpool,Liverpool,E08000012,2011,256.5,4.1,309.0,11.0,13.1,593.8,465.7,5.1,1.275214919
Liverpool,Liverpool,E08000012,2012,249.2,4.1,303.1,11.1,13.0,580.6,469.7,5.4,1.236058488
Liverpool,Liverpool,E08000012,2013,242.9,4.6,296.8,10.9,13.4,568.6,470.8,5.2,1.207744673
Liverpool,Liverpool,E08000012,2014,237.7,4.6,302.5,11.2,13.7,569.6,473.1,4.4,1.20412518
Liverpool,Liverpool,E08000012,2015,246.3,4.8,299.7,10.9,14.3,576.0,478.6,4.1,1.203626395
Luton,Luton,E06000032,2005,59.7,33.0,121.7,6.4,18.1,238.8,185.4,5.8,1.288232507
Luton,Luton,E06000032,2006,58.1,25.9,119.7,6.4,18.4,228.6,187.3,5.8,1.220449761
Luton,Luton,E06000032,2007,60.2,27.7,122.9,6.1,18.8,235.8,189.7,5.5,1.242806993
Luton,Luton,E06000032,2008,53.4,27.7,120.6,6.2,18.4,226.2,192.1,5.3,1.177705332
Luton,Luton,E06000032,2009,51.9,25.0,117.4,6.3,17.3,217.9,195.4,4.7,1.114658323
Luton,Luton,E06000032,2010,50.8,27.5,114.8,6.4,16.8,216.2,199.6,4.9,1.083276072
Luton,Luton,E06000032,2011,50.1,27.6,113.0,6.2,17.3,214.3,203.6,4.3,1.052410555
Luton,Luton,E06000032,2012,48.0,28.8,109.7,6.2,17.3,210.0,205.8,4.5,1.020101828
Luton,Luton,E06000032,2013,47.8,29.9,107.8,6.1,17.8,209.5,208.0,4.2,1.007282706
Luton,Luton,E06000032,2014,48.2,30.2,110.0,6.2,18.5,213.1,211.0,3.7,1.010044966
Luton,Luton,E06000032,2015,49.5,31.8,108.0,6.1,19.5,214.8,214.7,3.4,1.000449676
Manchester,Manchester,E08000003,2005,262.2,158.1,312.4,6.9,34.2,773.8,455.7,7.2,1.69794551
Manchester,Manchester,E08000003,2006,255.4,154.6,301.7,6.8,34.8,753.3,463.7,7.3,1.624302783
Manchester,Manchester,E08000003,2007,252.4,155.9,307.2,7.8,35.5,758.7,470.5,6.8,1.612405887
Manchester,Manchester,E08000003,2008,238.3,146.9,298.5,7.9,34.8,726.4,477.4,6.8,1.521648425
Manchester,Manchester,E08000003,2009,234.8,144.0,289.6,7.9,32.8,709.2,483.8,6.0,1.465921803
Manchester,Manchester,E08000003,2010,230.2,139.8,282.5,7.9,31.9,692.3,492.6,6.1,1.405492383
Manchester,Manchester,E08000003,2011,226.7,140.4,276.3,7.9,32.8,684.0,502.9,5.4,1.360179282
Manchester,Manchester,E08000003,2012,225.0,135.4,272.1,7.9,32.6,673.1,510.8,5.8,1.317827425
Manchester,Manchester,E08000003,2013,216.5,134.6,266.1,8.0,33.6,658.7,514.4,5.5,1.280553062
Manchester,Manchester,E08000003,2014,214.4,137.5,270.7,8.2,34.8,665.5,520.2,4.6,1.279355094
Manchester,Manchester,E08000003,2015,218.8,142.5,269.0,7.9,36.5,674.7,530.3,4.3,1.272404416
Nottinghamshire,Mansfield,E07000174,2005,72.7,-,58.1,1.1,0.7,132.6,100.4,6.6,1.3202644
Nottinghamshire,Mansfield,E07000174,2006,70.0,-,58.9,1.0,0.7,130.6,101.3,6.4,1.288906889
Nottinghamshire,Mansfield,E07000174,2007,69.8,-,61.6,1.1,0.7,133.2,102.1,6.1,1.304175968
Nottinghamshire,Mansfield,E07000174,2008,65.8,-,60.8,1.1,0.7,128.3,103.3,6.2,1.242594859
Nottinghamshire,Mansfield,E07000174,2009,62.3,-,58.4,1.0,0.6,122.4,103.7,5.4,1.180227683
Nottinghamshire,Mansfield,E07000174,2010,62.6,-,57.5,1.0,0.6,121.8,104.1,5.6,1.170250353
Nottinghamshire,Mansfield,E07000174,2011,60.9,-,55.2,1.0,0.6,117.7,104.6,4.9,1.125444509
Nottinghamshire,Mansfield,E07000174,2012,60.1,-,53.4,1.1,0.6,115.1,104.7,5.2,1.099280893
Nottinghamshire,Mansfield,E07000174,2013,58.5,-,53.8,1.1,0.6,114.0,105.3,5.2,1.083077507
Nottinghamshire,Mansfield,E07000174,2014,58.6,-,55.6,1.1,0.6,115.8,105.9,4.8,1.094000208
Nottinghamshire,Mansfield,E07000174,2015,60.5,-,55.1,0.9,0.6,117.0,106.6,4.5,1.098458982
Middlesbrough,Middlesbrough,E06000002,2005,142.8,-,177.1,1.8,1.6,323.3,138.5,7.5,2.334204699
Middlesbrough,Middlesbrough,E06000002,2006,143.2,-,166.2,1.8,1.6,312.8,138.2,7.6,2.263857884
Middlesbrough,Middlesbrough,E06000002,2007,140.1,-,168.4,1.9,1.6,311.9,138.2,7.6,2.256866978
Middlesbrough,Middlesbrough,E06000002,2008,133.6,-,160.5,1.8,1.6,297.6,137.9,7.1,2.157959854
Middlesbrough,Middlesbrough,E06000002,2009,129.6,-,156.9,1.8,1.5,289.8,137.3,6.2,2.110999935
Middlesbrough,Middlesbrough,E06000002,2010,127.5,-,152.9,1.9,1.5,283.7,137.7,6.2,2.06094561
Middlesbrough,Middlesbrough,E06000002,2011,125.2,-,150.9,1.8,1.4,279.4,138.4,5.8,2.019220489
Middlesbrough,Middlesbrough,E06000002,2012,127.5,-,148.6,1.9,1.4,279.4,138.7,6.1,2.013835172
Middlesbrough,Middlesbrough,E06000002,2013,122.9,-,145.9,1.9,1.4,272.0,138.9,5.5,1.95782509
Middlesbrough,Middlesbrough,E06000002,2014,126.5,-,148.7,1.9,1.4,278.5,139.1,5.1,2.001970829
Middlesbrough,Middlesbrough,E06000002,2015,132.6,-,146.2,1.8,1.3,281.9,139.5,5.0,2.020462684
Milton Keynes,Milton Keynes,E06000042,2005,159.0,200.5,249.4,1.0,2.9,612.7,223.5,8.7,2.741783879
Milton Keynes,Milton Keynes,E06000042,2006,157.7,192.5,242.8,1.0,2.9,596.8,227.2,8.6,2.626677702
Milton Keynes,Milton Keynes,E06000042,2007,161.7,183.6,250.5,1.1,2.9,599.8,231.0,8.4,2.595955019
Milton Keynes,Milton Keynes,E06000042,2008,158.6,161.7,245.5,1.1,3.0,569.9,235.6,8.1,2.418508503
Milton Keynes,Milton Keynes,E06000042,2009,154.1,175.8,240.3,1.1,2.8,574.1,240.2,7.3,2.390235033
Milton Keynes,Milton Keynes,E06000042,2010,145.6,176.0,235.6,1.1,2.8,561.0,245.5,7.2,2.285761773
Milton Keynes,Milton Keynes,E06000042,2011,142.7,168.2,232.2,1.1,2.6,546.9,249.9,6.4,2.188332762
Milton Keynes,Milton Keynes,E06000042,2012,145.2,182.2,230.2,1.1,2.7,561.3,252.4,7.0,2.22431264
Milton Keynes,Milton Keynes,E06000042,2013,142.3,191.5,227.9,1.1,2.7,565.6,255.7,6.7,2.212129865
Milton Keynes,Milton Keynes,E06000042,2014,144.8,189.6,234.1,1.1,2.7,572.4,259.2,5.9,2.207904741
Milton Keynes,Milton Keynes,E06000042,2015,152.7,197.8,231.7,1.0,2.6,585.9,261.8,5.6,2.238428708
Newcastle upon Tyne,Newcastle upon Tyne,E08000021,2005,225.9,11.8,246.0,3.7,13.1,500.6,269.6,7.3,1.8567531
Newcastle upon Tyne,Newcastle upon Tyne,E08000021,2006,218.3,11.7,233.7,3.7,13.3,480.8,270.3,7.2,1.77891241
Newcastle upon Tyne,Newcastle upon Tyne,E08000021,2007,218.9,11.8,237.4,3.5,13.5,485.1,271.6,7.0,1.786360457
Newcastle upon Tyne,Newcastle upon Tyne,E08000021,2008,207.3,10.7,227.3,3.6,13.3,462.2,271.6,6.9,1.701580282
Newcastle upon Tyne,Newcastle upon Tyne,E08000021,2009,195.2,11.3,221.1,3.6,12.5,443.7,273.4,6.3,1.622930858
Newcastle upon Tyne,Newcastle upon Tyne,E08000021,2010,197.2,11.1,216.5,3.7,12.2,440.7,276.7,6.6,1.592684508
Newcastle upon Tyne,Newcastle upon Tyne,E08000021,2011,194.4,11.2,210.8,3.6,12.4,432.4,279.1,5.9,1.54948439
Newcastle upon Tyne,Newcastle upon Tyne,E08000021,2012,190.9,10.9,207.0,3.6,12.4,424.7,282.4,6.1,1.503838898
Newcastle upon Tyne,Newcastle upon Tyne,E08000021,2013,187.6,11.5,202.7,3.5,12.7,418.1,286.8,5.9,1.457590333
Newcastle upon Tyne,Newcastle upon Tyne,E08000021,2014,185.6,11.6,206.0,3.6,13.1,419.8,289.8,5.1,1.448490607
Newcastle upon Tyne,Newcastle upon Tyne,E08000021,2015,190.5,11.8,201.3,3.5,13.7,420.8,292.9,4.8,1.436766011
Wales,Newport,W06000022,2005,106.0,236.6,139.3,7.1,2.0,491.0,139.6,14.2,3.516858476
Wales,Newport,W06000022,2006,105.1,234.2,134.0,6.9,2.1,482.1,140.6,14.6,3.430136231
Wales,Newport,W06000022,2007,103.0,226.2,138.2,7.5,2.0,476.9,141.4,13.3,3.373046146
Wales,Newport,W06000022,2008,96.8,218.4,136.0,7.3,2.1,460.7,142.7,12.3,3.22714849
Wales,Newport,W06000022,2009,93.9,203.7,133.0,7.3,1.9,439.8,143.8,9.8,3.059582308
Wales,Newport,W06000022,2010,94.0,203.0,130.7,7.3,1.9,437.0,144.8,10.7,3.01783309
Wales,Newport,W06000022,2011,94.1,206.9,127.3,7.3,1.9,437.4,145.8,9.8,3.00058467
Wales,Newport,W06000022,2012,92.3,207.7,124.6,7.6,1.9,434.0,146.1,9.4,2.97066423
Wales,Newport,W06000022,2013,93.8,204.7,124.0,7.5,2.0,432.1,146.6,9.8,2.948287849
Wales,Newport,W06000022,2014,90.9,211.1,127.7,7.6,2.0,439.4,146.8,8.6,2.992317059
Wales,Newport,W06000022,2015,96.1,223.8,124.5,6.8,2.0,453.2,147.8,8.1,3.066741921
Northern Ireland,"Newry, Mourne and Down",N09000010,2005,304.5,-,209.4,2.1,2.4,518.3,158.3,10.1,3.273800162
Northern Ireland,"Newry, Mourne and Down",N09000010,2006,305.9,-,215.8,2.1,2.5,526.3,160.6,9.9,3.27792587
Northern Ireland,"Newry, Mourne and Down",N09000010,2007,312.6,-,222.5,2.4,2.5,540.0,163.4,9.7,3.304065037
Northern Ireland,"Newry, Mourne and Down",N09000010,2008,278.8,-,223.2,2.5,2.6,507.1,165.8,9.0,3.059308367
Northern Ireland,"Newry, Mourne and Down",N09000010,2009,273.5,-,221.2,2.5,2.4,499.7,167.4,8.7,2.985175453
Northern Ireland,"Newry, Mourne and Down",N09000010,2010,262.4,-,215.0,2.5,2.4,482.3,168.8,9.1,2.85645984
Northern Ireland,"Newry, Mourne and Down",N09000010,2011,263.4,-,205.6,2.4,2.4,473.8,169.9,8.2,2.787888726
Northern Ireland,"Newry, Mourne and Down",N09000010,2012,256.8,-,201.7,2.4,2.3,463.3,171.3,8.1,2.704556149
Northern Ireland,"Newry, Mourne and Down",N09000010,2013,249.6,-,200.9,2.5,2.4,455.4,172.4,7.9,2.6411499
Northern Ireland,"Newry, Mourne and Down",N09000010,2014,250.9,-,202.5,2.5,2.3,458.2,175.4,7.4,2.612369444
Northern Ireland,"Newry, Mourne and Down",N09000010,2015,260.2,-,194.1,2.5,2.2,459.0,176.4,7.2,2.602750615
Northamptonshire,Northampton,E07000154,2005,206.4,2.0,113.1,0.5,3.1,325.1,196.8,7.1,1.651726094
Northamptonshire,Northampton,E07000154,2006,205.1,1.9,112.7,0.4,3.2,323.4,200.4,6.9,1.614167753
Northamptonshire,Northampton,E07000154,2007,203.7,2.0,113.9,0.5,3.2,323.3,203.0,6.6,1.592596589
Northamptonshire,Northampton,E07000154,2008,192.2,1.7,113.2,0.5,3.3,310.8,205.6,6.5,1.512065795
Northamptonshire,Northampton,E07000154,2009,182.1,1.7,111.0,0.5,3.2,298.6,207.9,5.6,1.436210812
Northamptonshire,Northampton,E07000154,2010,178.8,1.7,110.2,0.5,3.2,294.4,210.1,5.8,1.401255768
Northamptonshire,Northampton,E07000154,2011,174.1,1.6,106.0,0.5,3.2,285.3,212.5,5.2,1.342462952
Northamptonshire,Northampton,E07000154,2012,174.1,1.7,102.4,0.5,3.1,281.9,214.6,5.6,1.31372761
Northamptonshire,Northampton,E07000154,2013,171.1,1.7,103.4,0.5,3.2,279.9,216.7,5.3,1.291281932
Northamptonshire,Northampton,E07000154,2014,175.6,1.7,107.3,0.5,3.2,288.3,219.5,4.7,1.313695948
Northamptonshire,Northampton,E07000154,2015,180.7,1.8,105.9,0.4,3.3,292.1,222.5,4.3,1.312924818
Norfolk,Norwich,E07000148,2005,80.2,-,59.1,3.6,9.1,152.0,125.6,7.0,1.209787906
Norfolk,Norwich,E07000148,2006,78.5,-,59.1,3.6,9.3,150.5,126.8,6.9,1.186866633
Norfolk,Norwich,E07000148,2007,77.4,-,60.7,3.5,9.5,151.2,126.9,6.6,1.190696565
Norfolk,Norwich,E07000148,2008,72.6,-,59.8,3.5,9.5,145.4,128.0,6.3,1.135810826
Norfolk,Norwich,E07000148,2009,71.6,-,57.4,3.5,9.2,141.7,129.2,5.7,1.096785907
Norfolk,Norwich,E07000148,2010,70.5,-,56.8,3.6,9.1,139.9,130.9,5.8,1.06881766
Norfolk,Norwich,E07000148,2011,69.6,-,53.6,3.5,9.3,135.9,132.2,5.1,1.028681736
Norfolk,Norwich,E07000148,2012,68.4,-,51.1,3.5,9.2,132.2,134.3,5.4,0.984648583
Norfolk,Norwich,E07000148,2013,66.8,-,52.0,3.4,9.4,131.7,135.9,5.2,0.968848037
Norfolk,Norwich,E07000148,2014,66.4,-,54.4,3.5,9.8,134.1,137.5,4.5,0.975478727
Norfolk,Norwich,E07000148,2015,68.2,-,53.7,3.4,10.3,135.6,138.9,4.3,0.97638888
Nottingham,Nottingham,E06000018,2005,194.7,3.8,207.4,4.4,4.6,415.0,284.8,7.0,1.456896403
Nottingham,Nottingham,E06000018,2006,191.3,3.5,204.3,4.3,4.8,408.1,286.5,6.8,1.424714338
Nottingham,Nottingham,E06000018,2007,182.3,3.6,212.0,4.4,4.8,407.1,288.2,6.6,1.412745874
Nottingham,Nottingham,E06000018,2008,173.3,3.1,208.8,4.2,4.9,394.4,290.8,6.4,1.356443928
Nottingham,Nottingham,E06000018,2009,171.2,2.9,203.0,4.2,4.8,386.1,294.8,5.7,1.309527934
Nottingham,Nottingham,E06000018,2010,168.3,3.0,198.3,4.2,4.8,378.7,299.8,5.8,1.263362595
Nottingham,Nottingham,E06000018,2011,166.5,2.9,194.0,4.2,4.7,372.3,303.9,5.2,1.225029275
Nottingham,Nottingham,E06000018,2012,164.1,3.2,190.4,4.5,4.7,366.8,308.7,5.3,1.188225888
Nottingham,Nottingham,E06000018,2013,158.9,3.1,186.7,4.4,4.8,357.8,310.8,5.1,1.151131654
Nottingham,Nottingham,E06000018,2014,156.3,3.1,191.1,4.4,4.8,359.6,314.3,4.2,1.144386508
Nottingham,Nottingham,E06000018,2015,159.6,3.0,186.5,3.8,4.9,357.8,318.9,4.0,1.121870957
Oxfordshire,Oxford,E07000178,2005,85.7,-,61.7,5.8,7.3,160.4,145.4,7.1,1.103457606
Oxfordshire,Oxford,E07000178,2006,81.4,-,61.0,5.6,7.5,155.5,144.5,7.1,1.076032066
Oxfordshire,Oxford,E07000178,2007,83.5,-,63.1,5.8,7.7,160.1,144.2,6.7,1.110417414
Oxfordshire,Oxford,E07000178,2008,77.9,-,62.0,5.5,7.9,153.3,144.4,7.1,1.061291154
Oxfordshire,Oxford,E07000178,2009,76.3,-,60.2,5.4,7.9,149.9,145.5,6.4,1.030400429
Oxfordshire,Oxford,E07000178,2010,75.8,-,59.9,5.5,8.1,149.3,147.9,6.6,1.009173305
Oxfordshire,Oxford,E07000178,2011,75.3,-,57.8,5.5,8.1,146.6,150.2,5.9,0.97606387
Oxfordshire,Oxford,E07000178,2012,75.1,-,56.2,5.9,8.1,145.3,152.5,6.2,0.95263027
Oxfordshire,Oxford,E07000178,2013,74.0,-,56.4,5.7,8.2,144.3,154.8,5.9,0.932251233
Oxfordshire,Oxford,E07000178,2014,76.0,-,58.0,5.7,8.5,148.2,158.0,4.8,0.938238429
Oxfordshire,Oxford,E07000178,2015,77.7,-,57.6,4.8,8.8,148.9,159.6,4.3,0.933410969
Scotland,Perth and Kinross,S12000024,2005,415.6,115.8,76.7,9.3,2.6,620.0,138.1,10.9,4.490764541
Scotland,Perth and Kinross,S12000024,2006,409.1,115.5,82.8,9.1,2.7,619.2,139.4,10.8,4.442480256
Scotland,Perth and Kinross,S12000024,2007,414.3,116.2,86.6,10.5,2.6,630.2,141.1,10.7,4.464980897
Scotland,Perth and Kinross,S12000024,2008,386.0,109.5,86.6,10.6,2.7,595.4,143.1,10.0,4.159786978
Scotland,Perth and Kinross,S12000024,2009,376.8,105.8,84.0,10.7,2.5,579.7,144.4,9.4,4.015268852
Scotland,Perth and Kinross,S12000024,2010,369.4,104.4,84.1,10.7,2.4,571.0,145.6,9.6,3.921488664
Scotland,Perth and Kinross,S12000024,2011,375.4,102.3,79.2,10.5,2.4,569.8,146.9,8.9,3.880427531
Scotland,Perth and Kinross,S12000024,2012,369.2,100.2,75.1,10.6,2.3,557.4,147.7,9.2,3.772915514
Scotland,Perth and Kinross,S12000024,2013,367.7,99.8,77.4,10.8,2.4,558.0,147.8,8.7,3.776200969
Scotland,Perth and Kinross,S12000024,2014,371.1,101.1,81.4,11.0,2.4,566.9,148.9,7.9,3.806645128
Scotland,Perth and Kinross,S12000024,2015,385.5,103.4,80.7,10.6,2.3,582.5,149.9,7.7,3.885468465
Peterborough,Peterborough,E06000031,2005,269.7,-,172.3,7.0,8.1,457.0,167.2,8.3,2.73307032
Peterborough,Peterborough,E06000031,2006,268.4,-,169.6,6.9,8.9,453.7,169.9,8.1,2.670628518
Peterborough,Peterborough,E06000031,2007,264.4,-,179.7,7.1,9.0,460.2,172.4,8.0,2.668879326
Peterborough,Peterborough,E06000031,2008,252.2,-,175.9,7.1,9.2,444.3,176.0,7.7,2.524196334
Peterborough,Peterborough,E06000031,2009,246.1,-,171.0,7.0,9.1,433.2,179.0,6.9,2.420721191
Peterborough,Peterborough,E06000031,2010,243.6,-,169.5,7.1,9.2,429.4,181.8,7.1,2.362239266
Peterborough,Peterborough,E06000031,2011,242.6,-,165.0,7.0,9.0,423.7,184.5,6.5,2.296841752
Peterborough,Peterborough,E06000031,2012,231.2,-,163.2,7.2,9.0,410.7,186.4,6.7,2.203398082
Peterborough,Peterborough,E06000031,2013,237.3,-,163.0,7.1,9.1,416.5,188.4,6.4,2.210933407
Peterborough,Peterborough,E06000031,2014,238.1,-,168.6,7.2,9.3,423.2,190.5,5.7,2.222188302
Peterborough,Peterborough,E06000031,2015,253.8,-,166.7,6.7,9.5,436.8,194.0,5.4,2.251629808
Plymouth,Plymouth,E06000026,2005,156.5,-,212.2,1.4,1.9,372.0,247.5,6.0,1.503032598
Plymouth,Plymouth,E06000026,2006,161.3,-,211.5,1.4,2.0,376.2,249.2,6.0,1.50970457
Plymouth,Plymouth,E06000026,2007,154.4,-,218.7,1.5,1.9,376.5,251.2,5.8,1.498769914
Plymouth,Plymouth,E06000026,2008,146.9,-,216.0,1.5,2.0,366.4,252.5,5.7,1.451196971
Plymouth,Plymouth,E06000026,2009,141.0,-,210.2,1.5,1.8,354.6,253.1,5.1,1.400933781
Plymouth,Plymouth,E06000026,2010,140.4,-,203.0,1.5,1.8,346.6,254.2,5.3,1.363525057
Plymouth,Plymouth,E06000026,2011,133.7,-,200.1,1.5,1.7,337.0,256.6,4.8,1.313558058
Plymouth,Plymouth,E06000026,2012,132.5,-,197.1,1.5,1.7,332.8,258.0,4.9,1.289909527
Plymouth,Plymouth,E06000026,2013,127.3,-,193.7,1.5,1.7,324.2,259.2,4.7,1.250872001
Plymouth,Plymouth,E06000026,2014,126.8,-,197.9,1.5,1.7,327.9,261.5,4.0,1.253773759
Plymouth,Plymouth,E06000026,2015,128.5,-,195.0,1.4,1.6,326.6,262.7,3.8,1.243021657
Portsmouth,Portsmouth,E06000044,2005,121.3,61.0,118.8,2.1,1.5,304.8,196.3,6.5,1.552393688
Portsmouth,Portsmouth,E06000044,2006,117.1,61.7,116.8,2.1,1.6,299.3,196.0,6.4,1.527099445
Portsmouth,Portsmouth,E06000044,2007,112.9,59.3,120.3,2.1,1.5,296.1,194.9,6.1,1.519401022
Portsmouth,Portsmouth,E06000044,2008,106.3,53.0,116.4,2.1,1.5,279.4,196.0,6.1,1.425352015
Portsmouth,Portsmouth,E06000044,2009,104.0,54.6,112.4,2.1,1.4,274.6,199.0,5.5,1.379851991
Portsmouth,Portsmouth,E06000044,2010,105.4,56.0,110.2,2.1,1.5,275.2,202.7,5.7,1.35755615
Portsmouth,Portsmouth,E06000044,2011,106.0,54.3,108.0,2.1,1.4,271.7,205.4,5.1,1.32255311
Portsmouth,Portsmouth,E06000044,2012,106.5,57.3,106.5,2.1,1.4,273.8,206.8,5.4,1.323855714
Portsmouth,Portsmouth,E06000044,2013,103.0,56.5,104.3,2.1,1.4,267.2,207.5,5.1,1.288132422
Portsmouth,Portsmouth,E06000044,2014,102.1,53.8,106.4,2.1,1.3,265.8,209.1,4.3,1.271159235
Portsmouth,Portsmouth,E06000044,2015,104.9,56.3,105.0,2.1,1.3,269.6,211.8,4.1,1.273130745
Lancashire,Preston,E07000123,2005,74.7,165.4,96.1,3.0,3.7,342.8,136.2,7.9,2.517038255
Lancashire,Preston,E07000123,2006,73.2,164.2,95.2,3.0,3.8,339.4,137.8,7.6,2.463280509
Lancashire,Preston,E07000123,2007,71.9,164.0,96.8,3.1,3.8,339.5,138.5,7.4,2.45191241
Lancashire,Preston,E07000123,2008,66.9,151.6,95.0,3.1,3.9,320.5,138.4,7.3,2.314762364
Lancashire,Preston,E07000123,2009,64.6,157.9,92.3,3.1,3.9,321.8,138.0,6.5,2.332601602
Lancashire,Preston,E07000123,2010,60.8,162.9,91.0,3.1,3.9,321.8,138.8,7.0,2.318232594
Lancashire,Preston,E07000123,2011,58.8,165.2,88.0,3.1,3.9,318.9,140.1,6.3,2.277250966
Lancashire,Preston,E07000123,2012,58.0,156.9,85.6,3.1,3.8,307.4,140.5,6.6,2.186948681
Lancashire,Preston,E07000123,2013,56.1,160.0,85.6,3.1,3.9,308.7,140.4,6.3,2.198431007
Lancashire,Preston,E07000123,2014,56.2,154.9,88.4,3.1,3.9,306.5,140.5,5.7,2.182189585
Lancashire,Preston,E07000123,2015,58.0,164.8,88.5,3.0,4.0,318.3,141.3,5.5,2.252703685
Reading,Reading,E06000038,2005,75.8,12.7,54.7,10.6,4.6,158.4,146.9,6.8,1.078153532
Reading,Reading,E06000038,2006,72.0,13.3,52.1,10.3,4.8,152.4,148.3,6.6,1.0277016
Reading,Reading,E06000038,2007,70.7,13.1,53.5,11.3,4.8,153.5,149.7,6.2,1.025511082
Reading,Reading,E06000038,2008,67.2,12.0,52.3,11.1,5.0,147.6,151.5,6.2,0.974352625
Reading,Reading,E06000038,2009,64.2,11.7,51.0,11.0,5.0,142.9,152.3,5.5,0.938433559
Reading,Reading,E06000038,2010,64.0,11.2,49.9,11.1,5.0,141.2,154.3,5.5,0.914923994
Reading,Reading,E06000038,2011,62.4,11.3,49.7,11.0,5.0,139.4,155.3,4.8,0.897395272
Reading,Reading,E06000038,2012,61.3,11.4,48.8,11.4,5.0,137.9,157.1,5.1,0.877597321
Reading,Reading,E06000038,2013,59.8,11.0,47.8,11.4,5.1,135.0,159.2,4.8,0.847575559
Reading,Reading,E06000038,2014,59.4,10.6,48.7,11.4,5.2,135.4,160.8,4.2,0.842010425
Reading,Reading,E06000038,2015,61.5,11.8,47.9,10.3,5.4,136.9,161.7,3.8,0.846582858
Salford,Salford,E08000006,2005,191.2,272.3,151.6,6.0,2.7,623.7,219.5,8.2,2.84115083
Salford,Salford,E08000006,2006,185.1,268.2,148.3,5.9,2.8,610.3,221.9,8.1,2.749784413
Salford,Salford,E08000006,2007,181.5,274.7,150.9,6.8,2.7,616.6,223.5,7.7,2.759376338
Salford,Salford,E08000006,2008,172.5,260.0,145.7,6.8,2.8,587.9,226.8,7.5,2.592227749
Salford,Salford,E08000006,2009,168.9,261.7,141.5,6.9,2.6,581.6,228.9,6.8,2.540185318
Salford,Salford,E08000006,2010,166.2,264.8,137.6,6.9,2.7,578.1,231.8,7.1,2.493458238
Salford,Salford,E08000006,2011,162.5,253.2,135.3,6.8,2.5,560.3,234.5,6.3,2.389318204
Salford,Salford,E08000006,2012,157.6,251.0,133.3,6.8,2.5,551.2,237.1,6.6,2.325020895
Salford,Salford,E08000006,2013,153.5,253.0,130.3,6.9,2.5,546.3,239.0,6.3,2.285572454
Salford,Salford,E08000006,2014,150.5,248.8,132.8,7.1,2.4,541.4,242.0,5.4,2.23698377
Salford,Salford,E08000006,2015,153.2,256.1,131.5,6.8,2.3,549.9,245.6,5.2,2.239017639
Sheffield,Sheffield,E08000019,2005,293.0,103.0,332.7,9.1,4.0,741.8,525.7,7.3,1.411007314
Sheffield,Sheffield,E08000019,2006,286.6,101.4,324.7,8.8,4.1,725.6,527.6,6.9,1.375162109
Sheffield,Sheffield,E08000019,2007,279.5,98.7,339.8,9.4,4.1,731.5,529.9,6.7,1.380493359
Sheffield,Sheffield,E08000019,2008,268.3,89.5,338.6,9.1,4.2,709.8,534.0,6.7,1.329039225
Sheffield,Sheffield,E08000019,2009,263.2,88.6,327.8,9.0,3.9,692.6,538.4,5.8,1.286463317
Sheffield,Sheffield,E08000019,2010,263.5,90.0,321.4,9.1,4.0,688.0,544.6,6.1,1.263316041
Sheffield,Sheffield,E08000019,2011,262.7,87.8,312.3,9.1,3.9,675.7,551.8,5.5,1.22456677
Sheffield,Sheffield,E08000019,2012,252.5,87.0,305.2,9.5,3.7,658.0,557.4,5.7,1.180452481
Sheffield,Sheffield,E08000019,2013,245.4,86.5,300.9,9.4,3.8,646.0,560.1,5.5,1.153476109
Sheffield,Sheffield,E08000019,2014,246.4,84.8,308.1,9.4,3.7,652.5,563.7,4.9,1.15740198
Sheffield,Sheffield,E08000019,2015,250.6,87.4,301.3,8.3,3.7,651.2,569.7,4.4,1.142991057
Slough,Slough,E06000039,2005,46.2,122.2,56.8,11.8,1.1,238.1,122.9,6.9,1.937816779
Slough,Slough,E06000039,2006,44.9,119.3,56.7,11.6,1.1,233.6,125.2,6.6,1.865833758
Slough,Slough,E06000039,2007,45.4,125.4,57.2,12.5,1.1,241.6,128.0,6.5,1.887516037
Slough,Slough,E06000039,2008,42.7,117.8,55.5,12.4,1.1,229.5,131.5,6.3,1.74606064
Slough,Slough,E06000039,2009,41.7,117.8,53.8,12.4,1.1,226.7,134.7,6.5,1.682585706
Slough,Slough,E06000039,2010,40.0,107.4,52.5,12.5,1.0,213.4,137.8,7.1,1.548638499
Slough,Slough,E06000039,2011,41.6,108.3,52.1,12.4,1.0,215.4,140.7,6.7,1.530472893
Slough,Slough,E06000039,2012,41.1,110.3,51.5,12.6,1.0,216.6,141.8,7.2,1.526980072
Slough,Slough,E06000039,2013,38.9,107.7,50.6,12.6,1.0,210.7,143.0,6.7,1.473429211
Slough,Slough,E06000039,2014,39.0,106.2,51.7,12.8,0.9,210.7,144.6,5.2,1.45714043
Slough,Slough,E06000039,2015,40.6,109.0,51.0,12.0,0.9,213.4,145.7,5.2,1.464636355
Southampton,Southampton,E06000045,2005,125.0,21.4,149.6,0.7,4.1,300.7,226.7,6.1,1.326671365
Southampton,Southampton,E06000045,2006,120.8,20.9,146.3,0.7,4.1,292.9,226.7,5.9,1.291936878
Southampton,Southampton,E06000045,2007,117.0,20.8,149.5,0.8,4.2,292.2,227.2,5.6,1.286032807
Southampton,Southampton,E06000045,2008,103.2,18.2,146.0,0.8,4.1,272.2,228.4,5.6,1.191341512
Southampton,Southampton,E06000045,2009,97.9,18.7,141.3,0.8,3.8,262.5,230.0,5.0,1.14120585
Southampton,Southampton,E06000045,2010,96.8,19.1,137.6,0.8,3.7,258.0,233.1,5.0,1.107063863
Southampton,Southampton,E06000045,2011,98.8,19.7,135.4,0.8,3.8,258.4,235.9,4.5,1.095650811
Southampton,Southampton,E06000045,2012,98.7,20.0,133.8,0.8,3.7,257.0,239.4,4.7,1.073461753
Southampton,Southampton,E06000045,2013,94.7,20.0,130.9,0.8,3.8,250.2,242.1,4.3,1.033467327
Southampton,Southampton,E06000045,2014,95.6,18.2,133.5,0.8,3.9,252.1,245.3,3.7,1.027609666
Southampton,Southampton,E06000045,2015,98.0,19.6,131.2,0.8,4.0,253.5,249.5,3.5,1.01599594
Southend-on-Sea,Southend-on-Sea,E06000033,2005,71.3,-,99.6,15.4,3.3,189.6,162.6,5.6,1.165662021
Southend-on-Sea,Southend-on-Sea,E06000033,2006,69.6,-,97.3,15.5,3.4,185.8,163.8,5.6,1.134724891
Southend-on-Sea,Southend-on-Sea,E06000033,2007,67.7,-,100.0,14.6,3.4,185.9,165.4,5.3,1.123518366
Southend-on-Sea,Southend-on-Sea,E06000033,2008,63.8,-,98.1,14.9,3.4,180.2,168.2,5.1,1.071434066
Southend-on-Sea,Southend-on-Sea,E06000033,2009,64.1,-,95.3,15.0,3.2,177.6,170.0,4.6,1.044542811
Southend-on-Sea,Southend-on-Sea,E06000033,2010,65.3,-,92.6,15.2,3.1,176.2,172.1,4.7,1.023965788
Southend-on-Sea,Southend-on-Sea,E06000033,2011,61.4,-,91.0,14.8,3.2,170.4,174.3,4.2,0.977819937
Southend-on-Sea,Southend-on-Sea,E06000033,2012,60.3,-,90.0,14.9,3.1,168.3,174.8,4.5,0.962853955
Southend-on-Sea,Southend-on-Sea,E06000033,2013,60.9,-,88.1,14.5,3.2,166.7,175.8,4.3,0.948485989
Southend-on-Sea,Southend-on-Sea,E06000033,2014,61.0,-,89.6,14.8,3.3,168.7,177.9,3.7,0.948336887
Southend-on-Sea,Southend-on-Sea,E06000033,2015,60.8,-,87.9,14.6,3.4,166.8,178.7,3.5,0.933332527
Hertfordshire,St Albans,E07000240,2005,111.6,299.3,106.0,0.5,2.2,519.5,132.0,8.5,3.93736399
Hertfordshire,St Albans,E07000240,2006,105.6,284.9,115.1,0.5,2.3,508.3,133.3,8.3,3.813366284
Hertfordshire,St Albans,E07000240,2007,107.0,274.7,118.9,0.6,2.2,503.4,134.3,8.1,3.747353505
Hertfordshire,St Albans,E07000240,2008,102.2,248.8,109.3,0.6,2.2,463.0,136.1,7.7,3.402149604
Hertfordshire,St Albans,E07000240,2009,112.9,259.4,105.4,0.6,2.1,480.4,137.9,7.3,3.484527844
Hertfordshire,St Albans,E07000240,2010,110.4,249.2,103.5,0.6,2.1,465.8,139.5,7.4,3.338736125
Hertfordshire,St Albans,E07000240,2011,104.0,264.8,100.6,0.6,2.1,472.0,141.2,6.8,3.341956036
Hertfordshire,St Albans,E07000240,2012,103.5,273.0,98.5,0.6,2.1,477.6,141.9,7.1,3.365902446
Hertfordshire,St Albans,E07000240,2013,101.5,280.7,97.9,0.6,2.1,482.9,143.1,7.0,3.374451466
Hertfordshire,St Albans,E07000240,2014,100.6,286.8,101.0,0.6,2.1,491.1,144.8,6.6,3.391117347
Hertfordshire,St Albans,E07000240,2015,105.5,323.1,99.8,0.6,2.1,531.0,145.8,6.5,3.642286603
Scotland,Stirling,S12000030,2005,155.9,70.0,59.2,5.8,1.3,292.3,87.5,10.2,3.34037937
Scotland,Stirling,S12000030,2006,158.2,69.4,61.8,5.7,1.4,296.5,88.1,10.2,3.366167971
Scotland,Stirling,S12000030,2007,161.6,70.5,64.4,6.6,1.4,304.3,88.4,10.1,3.441580468
Scotland,Stirling,S12000030,2008,153.8,65.5,63.8,6.6,1.4,291.1,88.5,9.3,3.287783826
Scotland,Stirling,S12000030,2009,148.8,63.1,61.8,6.6,1.3,281.6,88.7,8.5,3.175518116
Scotland,Stirling,S12000030,2010,148.4,62.0,61.2,6.6,1.3,279.5,89.6,9.3,3.120899724
Scotland,Stirling,S12000030,2011,144.9,60.9,57.9,6.5,1.2,271.4,90.3,8.3,3.004863717
Scotland,Stirling,S12000030,2012,142.0,59.7,55.6,6.6,1.2,265.1,91.0,8.8,2.913275476
Scotland,Stirling,S12000030,2013,137.1,59.6,56.5,6.7,1.2,261.1,91.2,8.0,2.862349834
Scotland,Stirling,S12000030,2014,138.8,60.4,59.1,6.8,1.2,266.3,91.5,6.9,2.909237292
Scotland,Stirling,S12000030,2015,144.4,61.2,58.5,6.5,1.2,271.7,92.8,6.9,2.926686927
Stoke on Trent,Stoke-on-Trent,E06000021,2005,213.9,-,135.7,4.4,11.4,365.4,241.5,7.5,1.513127724
Stoke on Trent,Stoke-on-Trent,E06000021,2006,208.5,-,132.5,4.5,11.8,357.3,243.1,7.4,1.469819753
Stoke on Trent,Stoke-on-Trent,E06000021,2007,202.8,-,136.4,4.3,12.0,355.5,243.7,7.3,1.458720886
Stoke on Trent,Stoke-on-Trent,E06000021,2008,201.2,-,133.1,4.3,12.3,350.9,245.5,7.0,1.429378448
Stoke on Trent,Stoke-on-Trent,E06000021,2009,201.3,-,129.4,4.4,12.4,347.5,245.9,6.5,1.413362011
Stoke on Trent,Stoke-on-Trent,E06000021,2010,195.7,-,126.3,4.4,12.5,339.0,247.4,6.3,1.370210318
Stoke on Trent,Stoke-on-Trent,E06000021,2011,196.9,-,123.5,4.3,12.5,337.3,248.7,5.6,1.356050113
Stoke on Trent,Stoke-on-Trent,E06000021,2012,193.1,-,121.7,4.3,12.5,331.6,249.9,5.7,1.326870801
Stoke on Trent,Stoke-on-Trent,E06000021,2013,191.2,-,119.2,4.2,12.7,327.3,250.2,5.7,1.307825521
Stoke on Trent,Stoke-on-Trent,E06000021,2014,192.8,-,121.5,4.3,13.1,331.8,251.0,5.7,1.321704431
Stoke on Trent,Stoke-on-Trent,E06000021,2015,199.4,-,119.1,4.3,13.5,336.3,251.6,5.5,1.33626306
Sunderland,Sunderland,E08000024,2005,237.5,10.1,231.0,0.8,2.3,481.7,279.2,7.2,1.72519449
Sunderland,Sunderland,E08000024,2006,235.5,10.0,228.2,0.8,2.4,476.8,278.4,7.1,1.712926095
Sunderland,Sunderland,E08000024,2007,232.2,10.5,228.6,0.9,2.3,474.4,277.8,6.8,1.707515417
Sunderland,Sunderland,E08000024,2008,221.3,9.9,218.7,0.8,2.4,453.0,276.8,6.6,1.636584522
Sunderland,Sunderland,E08000024,2009,209.5,9.6,212.6,0.8,2.2,434.6,276.2,6.0,1.573570765
Sunderland,Sunderland,E08000024,2010,205.8,9.8,207.6,0.8,2.1,426.2,276.0,6.2,1.544267467
Sunderland,Sunderland,E08000024,2011,206.3,9.6,201.1,0.8,2.1,419.8,275.3,5.7,1.524600964
Sunderland,Sunderland,E08000024,2012,204.9,9.5,197.3,0.9,2.0,414.6,275.7,6.1,1.503459852
Sunderland,Sunderland,E08000024,2013,201.4,9.6,194.3,0.8,2.0,408.2,276.1,5.9,1.478412388
Sunderland,Sunderland,E08000024,2014,202.9,9.6,198.6,0.8,2.0,414.0,276.9,5.3,1.495252095
Sunderland,Sunderland,E08000024,2015,211.2,10.0,193.9,0.7,2.0,417.8,277.2,4.8,1.507472717
Wales,Swansea,W06000011,2005,141.5,87.5,178.0,3.3,8.4,418.6,229.3,7.3,1.825378405
Wales,Swansea,W06000011,2006,138.2,91.6,176.6,3.2,8.6,418.2,230.8,7.4,1.811974625
Wales,Swansea,W06000011,2007,138.6,94.9,181.4,3.5,8.7,427.1,232.5,6.8,1.837232782
Wales,Swansea,W06000011,2008,129.8,85.5,178.5,3.4,8.6,405.8,234.1,6.9,1.733160629
Wales,Swansea,W06000011,2009,124.8,80.6,172.8,3.4,8.0,389.6,235.6,6.1,1.65347326
Wales,Swansea,W06000011,2010,120.3,81.8,169.7,3.4,7.8,383.1,237.3,6.3,1.614218912
Wales,Swansea,W06000011,2011,119.1,80.9,165.9,3.4,8.0,377.4,238.7,5.6,1.581097698
Wales,Swansea,W06000011,2012,117.6,79.7,161.1,3.5,8.0,369.9,239.6,5.9,1.543469108
Wales,Swansea,W06000011,2013,115.9,78.9,159.5,3.5,8.2,366.1,240.3,5.7,1.523125812
Wales,Swansea,W06000011,2014,114.1,79.8,163.8,3.5,8.5,369.8,241.3,5.1,1.532557308
Wales,Swansea,W06000011,2015,118.5,83.0,160.7,3.2,8.8,374.1,242.4,4.8,1.543431307
Swindon,Swindon,E06000030,2005,138.9,136.5,192.6,2.9,6.6,477.5,189.7,8.5,2.517283004
Swindon,Swindon,E06000030,2006,136.3,132.0,195.1,2.8,6.8,473.0,192.3,8.4,2.459255241
Swindon,Swindon,E06000030,2007,135.5,126.1,206.0,3.0,6.9,477.6,196.9,8.1,2.42523923
Swindon,Swindon,E06000030,2008,129.8,122.8,207.2,3.0,7.2,469.9,201.5,8.0,2.331697572
Swindon,Swindon,E06000030,2009,124.2,115.6,203.3,2.9,7.0,453.2,204.4,6.9,2.217328922
Swindon,Swindon,E06000030,2010,125.4,121.0,199.9,3.0,7.2,456.4,206.9,7.1,2.205316026
Swindon,Swindon,E06000030,2011,123.2,122.3,196.3,2.9,7.1,451.8,209.7,6.3,2.154365797
Swindon,Swindon,E06000030,2012,122.6,117.0,193.0,3.1,7.1,442.8,211.9,6.7,2.08940498
Swindon,Swindon,E06000030,2013,122.5,114.5,190.8,3.0,7.2,438.0,214.0,6.3,2.046219112
Swindon,Swindon,E06000030,2014,135.4,106.6,195.0,3.1,7.4,447.4,215.8,5.7,2.073365204
Swindon,Swindon,E06000030,2015,141.3,126.0,190.6,2.7,7.5,468.2,217.2,5.3,2.155851813
Telford and Wrekin,Telford and Wrekin,E06000020,2005,131.3,33.3,174.4,4.1,1.7,344.7,161.5,9.0,2.134162554
Telford and Wrekin,Telford and Wrekin,E06000020,2006,128.0,26.6,171.8,3.9,1.7,332.1,162.7,9.1,2.041043849
Telford and Wrekin,Telford and Wrekin,E06000020,2007,125.7,27.0,176.1,4.3,1.6,334.8,163.4,8.4,2.049448645
Telford and Wrekin,Telford and Wrekin,E06000020,2008,119.6,26.9,170.2,4.2,1.7,322.7,164.1,8.0,1.966763984
Telford and Wrekin,Telford and Wrekin,E06000020,2009,113.1,25.7,164.2,4.2,1.5,308.8,164.9,7.0,1.872586771
Telford and Wrekin,Telford and Wrekin,E06000020,2010,109.7,25.1,161.6,4.2,1.5,302.1,165.6,7.3,1.824091451
Telford and Wrekin,Telford and Wrekin,E06000020,2011,109.5,36.0,156.8,4.2,1.5,307.9,166.8,6.8,1.845833467
Telford and Wrekin,Telford and Wrekin,E06000020,2012,108.2,37.1,153.0,4.4,1.5,304.1,167.7,6.9,1.813555985
Telford and Wrekin,Telford and Wrekin,E06000020,2013,106.2,37.0,152.2,4.3,1.5,301.3,168.5,6.7,1.788361704
Telford and Wrekin,Telford and Wrekin,E06000020,2014,105.8,33.0,157.0,4.4,1.4,301.7,169.4,6.3,1.780659598
Telford and Wrekin,Telford and Wrekin,E06000020,2015,109.9,33.5,154.9,4.0,1.4,303.7,171.2,5.4,1.77430638
Wakefield,Wakefield,E08000036,2005,293.7,311.7,200.4,17.6,8.8,832.1,318.8,8.8,2.610543573
Wakefield,Wakefield,E08000036,2006,293.1,303.9,198.0,17.0,9.0,821.1,320.3,8.5,2.563257608
Wakefield,Wakefield,E08000036,2007,284.7,305.7,204.7,18.2,9.1,822.4,321.7,8.2,2.556741294
Wakefield,Wakefield,E08000036,2008,265.5,283.4,201.3,17.5,9.3,776.9,323.3,8.1,2.40316346
Wakefield,Wakefield,E08000036,2009,252.9,265.8,194.8,17.3,9.1,739.9,324.5,7.3,2.280276936
Wakefield,Wakefield,E08000036,2010,242.4,276.7,189.5,17.4,9.2,735.2,325.6,7.5,2.257909016
Wakefield,Wakefield,E08000036,2011,241.8,282.8,183.7,17.4,9.1,734.8,326.4,6.9,2.251133145
Wakefield,Wakefield,E08000036,2012,240.2,275.8,179.3,18.3,9.0,722.6,327.6,7.4,2.205646211
Wakefield,Wakefield,E08000036,2013,236.1,275.5,177.8,18.1,9.2,716.6,329.7,7.1,2.173500685
Wakefield,Wakefield,E08000036,2014,245.3,282.5,182.9,18.1,9.5,738.3,331.4,6.5,2.227930913
Wakefield,Wakefield,E08000036,2015,252.5,299.2,179.9,15.8,9.6,757.0,333.8,6.5,2.26797986
Warrington,Warrington,E06000007,2005,146.9,377.7,139.8,12.3,2.8,679.5,193.0,9.8,3.520936548
Warrington,Warrington,E06000007,2006,143.9,387.1,134.8,12.3,2.9,681.0,194.6,9.7,3.499515786
Warrington,Warrington,E06000007,2007,141.9,403.1,138.9,12.5,2.9,699.3,196.6,9.6,3.557457313
Warrington,Warrington,E06000007,2008,133.5,386.2,136.7,12.6,3.0,672.0,198.2,9.2,3.390845045
Warrington,Warrington,E06000007,2009,128.1,371.4,133.5,12.7,2.8,648.5,200.1,8.3,3.241327229
Warrington,Warrington,E06000007,2010,125.8,367.5,130.4,12.8,2.8,639.3,201.3,8.7,3.175581668
Warrington,Warrington,E06000007,2011,123.5,357.1,126.7,12.5,2.7,622.4,202.7,7.6,3.070650047
Warrington,Warrington,E06000007,2012,119.1,355.0,124.0,12.6,2.6,613.4,203.7,8.0,3.011840487
Warrington,Warrington,E06000007,2013,116.0,348.2,122.8,12.5,2.6,602.2,205.1,7.8,2.936105547
Warrington,Warrington,E06000007,2014,117.0,350.8,126.2,12.8,2.6,609.3,206.4,6.7,2.951627936
Warrington,Warrington,E06000007,2015,120.0,368.5,125.5,12.4,2.5,629.0,207.7,6.5,3.02826394
Wigan,Wigan,E08000010,2005,194.2,157.3,178.0,9.4,7.6,546.5,306.1,6.6,1.785250446
Wigan,Wigan,E08000010,2006,189.0,156.2,175.2,9.3,7.8,537.6,308.0,6.5,1.745205458
Wigan,Wigan,E08000010,2007,187.3,147.9,180.3,9.6,7.9,533.1,309.4,6.3,1.723003663
Wigan,Wigan,E08000010,2008,176.0,146.0,176.3,9.7,8.1,516.0,312.0,6.2,1.654026686
Wigan,Wigan,E08000010,2009,172.1,139.4,171.5,9.8,8.0,500.7,314.4,5.6,1.59277358
Wigan,Wigan,E08000010,2010,168.9,144.6,167.3,9.8,8.1,498.7,316.3,5.8,1.576818895
Wigan,Wigan,E08000010,2011,167.2,134.9,163.0,9.7,8.0,482.7,318.1,5.2,1.517348192
Wigan,Wigan,E08000010,2012,163.6,137.5,159.8,9.7,8.0,478.6,318.7,5.4,1.501928303
Wigan,Wigan,E08000010,2013,157.2,133.9,157.3,9.7,8.0,466.1,319.7,5.2,1.458130707
Wigan,Wigan,E08000010,2014,157.6,133.5,160.4,9.9,8.3,469.6,321.0,4.7,1.463091741
Wigan,Wigan,E08000010,2015,160.5,138.8,159.4,9.6,8.5,476.8,322.0,4.5,1.480604889
Hampshire,Winchester,E07000094,2005,157.3,214.6,165.4,1.8,2.6,541.6,109.9,10.9,4.926323673
Hampshire,Winchester,E07000094,2006,153.8,212.6,163.8,1.8,2.9,534.8,110.6,10.6,4.834119948
Hampshire,Winchester,E07000094,2007,155.1,210.9,168.0,1.9,2.8,538.7,111.8,10.3,4.817834513
Hampshire,Winchester,E07000094,2008,148.2,197.4,166.3,2.0,2.9,516.7,113.3,10.0,4.562058389
Hampshire,Winchester,E07000094,2009,140.4,194.4,161.0,2.0,2.7,500.4,114.5,9.4,4.370474106
Hampshire,Winchester,E07000094,2010,138.1,191.8,159.0,2.0,2.7,493.5,115.8,9.5,4.262410079
Hampshire,Winchester,E07000094,2011,137.9,195.5,154.4,1.9,2.6,492.3,116.8,8.8,4.214092327
Hampshire,Winchester,E07000094,2012,139.6,190.0,150.6,1.9,2.5,484.7,117.7,9.0,4.117862372
Hampshire,Winchester,E07000094,2013,136.2,190.8,150.8,2.0,2.5,482.2,118.3,8.7,4.077358427
Hampshire,Winchester,E07000094,2014,138.6,188.7,156.5,2.0,2.4,488.2,119.2,8.0,4.094912389
Hampshire,Winchester,E07000094,2015,145.7,197.9,155.2,2.0,2.4,503.1,120.7,7.7,4.168400587
Wolverhampton,Wolverhampton,E08000031,2005,132.8,-,200.7,2.2,9.4,345.2,241.6,6.7,1.428570866
Wolverhampton,Wolverhampton,E08000031,2006,127.6,-,197.3,2.2,9.7,336.8,242.9,6.4,1.386468332
Wolverhampton,Wolverhampton,E08000031,2007,125.3,-,201.8,2.5,9.9,339.6,243.9,6.2,1.392178211
Wolverhampton,Wolverhampton,E08000031,2008,119.6,-,197.0,2.6,10.1,329.4,245.3,6.0,1.34242818
Wolverhampton,Wolverhampton,E08000031,2009,115.9,-,191.2,2.6,10.1,319.8,246.0,5.4,1.299927684
Wolverhampton,Wolverhampton,E08000031,2010,115.5,-,186.7,2.6,10.2,315.1,247.6,5.6,1.272283246
Wolverhampton,Wolverhampton,E08000031,2011,113.9,-,182.7,2.6,10.2,309.4,249.9,5.1,1.238212401
Wolverhampton,Wolverhampton,E08000031,2012,112.1,-,180.0,2.6,10.2,304.9,251.0,5.3,1.214937734
Wolverhampton,Wolverhampton,E08000031,2013,109.4,-,176.7,2.6,10.3,299.0,251.6,5.1,1.188559725
Wolverhampton,Wolverhampton,E08000031,2014,110.1,-,180.3,2.7,10.7,303.7,253.0,4.5,1.200647492
Wolverhampton,Wolverhampton,E08000031,2015,112.8,-,176.6,2.6,11.0,303.0,254.4,4.2,1.191202268
Worcestershire,Worcester,E07000237,2005,51.4,1.5,58.3,0.8,4.1,116.1,94.5,6.4,1.229006445
Worcestershire,Worcester,E07000237,2006,50.2,1.6,58.3,0.8,4.2,115.1,95.0,6.1,1.210978583
Worcestershire,Worcester,E07000237,2007,49.5,1.5,59.7,0.9,4.3,116.0,95.5,5.8,1.213802273
Worcestershire,Worcester,E07000237,2008,47.4,1.4,58.4,0.9,4.5,112.6,96.4,5.6,1.16771816
Worcestershire,Worcester,E07000237,2009,46.3,1.4,56.8,0.9,4.5,109.8,97.1,5.1,1.130410621
Worcestershire,Worcester,E07000237,2010,46.1,1.4,56.3,0.9,4.5,109.2,97.7,5.3,1.118567618
Worcestershire,Worcester,E07000237,2011,45.5,1.4,54.0,0.9,4.5,106.3,98.7,4.9,1.077054437
Worcestershire,Worcester,E07000237,2012,43.9,1.3,52.2,0.9,4.5,102.7,99.6,5.0,1.030997606
Worcestershire,Worcester,E07000237,2013,41.8,1.4,52.5,0.9,4.6,101.1,100.4,4.8,1.007382725
Worcestershire,Worcester,E07000237,2014,41.3,1.4,54.5,0.9,4.7,102.8,100.8,4.3,1.019470499
Worcestershire,Worcester,E07000237,2015,42.9,1.5,54.1,0.9,4.9,104.2,101.3,3.9,1.028375235
West Sussex,Worthing,E07000229,2005,59.4,-,58.8,9.7,0.6,128.5,100.1,5.7,1.284186602
West Sussex,Worthing,E07000229,2006,58.5,-,58.7,9.8,0.7,127.6,100.6,5.7,1.267846897
West Sussex,Worthing,E07000229,2007,53.5,-,59.5,9.2,0.6,122.9,101.5,5.5,1.210250564
West Sussex,Worthing,E07000229,2008,53.5,-,56.4,9.3,0.7,119.8,102.4,5.3,1.170690732
West Sussex,Worthing,E07000229,2009,51.8,-,54.7,9.4,0.6,116.5,102.8,4.8,1.133518672
West Sussex,Worthing,E07000229,2010,49.2,-,53.9,9.6,0.6,113.2,103.8,4.9,1.090921769
West Sussex,Worthing,E07000229,2011,48.2,-,52.1,9.3,0.6,110.2,105.0,4.4,1.049955165
West Sussex,Worthing,E07000229,2012,41.2,-,50.7,9.4,0.5,101.8,105.7,4.5,0.963221794
West Sussex,Worthing,E07000229,2013,40.3,-,50.7,9.1,0.5,100.6,106.1,4.3,0.948240681
West Sussex,Worthing,E07000229,2014,40.1,-,52.7,9.3,0.5,102.6,106.9,3.9,0.960289464
West Sussex,Worthing,E07000229,2015,41.5,-,52.6,9.2,0.5,103.8,107.7,3.6,0.963343331
York,York,E06000014,2005,191.0,-,116.1,7.8,3.7,318.6,188.2,7.0,1.692882423
York,York,E06000014,2006,190.4,-,116.2,7.8,3.8,318.1,189.0,7.0,1.683510953
York,York,E06000014,2007,188.3,-,119.5,7.9,3.8,319.5,189.8,6.3,1.683642001
York,York,E06000014,2008,176.5,-,117.8,8.1,3.9,306.2,190.8,6.2,1.605097472
York,York,E06000014,2009,171.5,-,114.3,8.1,3.8,297.7,192.4,5.6,1.547300343
York,York,E06000014,2010,169.8,-,112.3,8.2,3.8,294.1,195.1,5.9,1.507829201
York,York,E06000014,2011,166.4,-,109.2,8.0,3.8,287.4,197.8,5.3,1.453195092
York,York,E06000014,2012,169.6,-,106.5,8.0,3.8,287.9,200.0,5.4,1.439229127
York,York,E06000014,2013,167.2,-,106.1,8.0,3.8,285.1,202.4,5.3,1.408442499
York,York,E06000014,2014,168.3,-,109.5,8.2,3.9,289.8,204.4,4.7,1.41775788
York,York,E06000014,2015,175.2,-,108.0,8.0,4.0,295.2,206.9,4.4,1.427014313
