UALAD,Code,Jan 11 to Dec 11 Rate (%),Jan 11 to Dec 11  +/- (%)2,Apr 2011 to Mar 2012 Rate (%),Apr 2011 to Mar 2012 +/- (%)2,Jul 2011 to Jun 2012 Rate (%),Jul 2011 to Jun 2012 +/- (%)2,Oct 2011 to Sep 2012 Rate (%),Oct 2011 to Sep 2012 +/- (%)2,Jan 2012 to Dec 2012 Rate (%),Jan 2012 to Dec 2012 +/- (%)2,Apr 2012 to Mar 2013 Rate (%),Apr 2012 to Mar 2013 +/- (%)2,Jul 2012 to Jun 2013 Rate (%),Jul 2012 to Jun 2013 +/- (%)2,Oct 2012 to Sep 2013 Rate (%),Oct 2012 to Sep 2013 +/- (%)2,Jan 2013 to Dec 2013 Rate (%),Jan 2013 to Dec 2013 +/- (%)2,Apr 2013 to Mar 2014 Rate (%),Apr 2013 to Mar 2014 +/- (%)2,Jul 2013 to Jun 2014 Rate (%),Jul 2013 to Jun 2014 +/- (%)2,Oct 2013 to Sep 2014 Rate (%),Oct 2013 to Sep 2014 +/- (%)2,Jan 2014 to Dec 2014 Rate (%),Jan 2014 to Dec 2014 +/- (%)2,Apr 2014 to Mar 2015 Rate (%),Apr 2014 to Mar 2015 +/- (%)2,Jul 2014 to Jun 2015 Rate (%),Jul 2014 to Jun 2015 +/- (%)2,Oct 2014 to Sep 2015 Rate (%),Oct 2014 to Sep 2015 +/- (%)2,Jan 2015 to Dec 2015 Rate (%),Jan 2015 to Dec 2015 +/- (%)2,Apr 2015 to Mar 2016 Rate (%),Apr 2015 to Mar 2016 +/- (%)2,Jul 2015 to Jun 2016 Rate (%),Jul 2015 to Jun 2016 +/- (%)2,Oct 2015 to Sep 2016  Rate (%),Oct 2015 to Sep 2016  +/- (%)2,Jan 2016 to Dec 2016  Rate (%),Jan 2016 to Dec 2016  +/- (%)2,Apr 2016 to Mar 2017  Rate (%),Apr 2016 to Mar 2017  +/- (%)2,Jul 2016 to Jun 2017 Rate (%),Jul 2016 to Jun 2017 +/- (%)2
Allerdale,E07000026,7.6,1.8,7.6,1.8,7.4,1.8,8.3,2.1,7.1,2.0,7.3,2.0,6.4,1.8,6.7,1.9,6.6,1.9,5.9,1.5,6.6,1.7,5.7,1.4,5.6,1.4,5.2,1.4,4.8,1.3,4.3,1.2,3.9,1.1,4.0,1.1,4.0,1.0,4.1,1.1,4.0,1.1,3.9,1.3,3.9,1.2
Barrow-in-Furness,E07000027,9.6,2.6,9.5,2.4,9.4,2.4,9.4,2.6,9.1,2.6,9.0,2.7,8.8,2.7,8.5,2.8,7.9,2.6,8.4,2.5,7.8,2.3,7.3,1.9,7.4,1.9,6.9,1.9,6.8,1.9,6.8,1.9,6.3,1.7,5.7,1.6,5.7,1.5,6.0,1.6,5.6,1.6,5.6,1.9,5.3,1.7
Carlisle,E07000028,6.2,1.5,6.4,1.5,6.7,1.6,6.1,1.6,5.7,1.6,5.6,1.6,5.0,1.4,5.3,1.6,6.0,1.8,5.7,1.5,6.0,1.5,5.4,1.3,4.9,1.2,4.1,1.1,3.6,1.0,3.4,0.9,2.8,0.8,3.3,0.9,3.6,0.9,3.7,0.9,4.5,1.2,4.1,1.3,3.8,1.1
Copeland,E07000029,8.2,2.2,8.4,2.3,8.2,2.4,7.6,2.3,7.6,2.3,7.3,2.2,7.3,2.2,7.3,2.3,6.5,2.1,6.7,2.0,6.7,1.9,6.3,1.7,6.0,1.7,5.4,1.6,5.2,1.5,5.4,1.6,5.3,1.5,5.4,1.5,5.4,1.5,5.2,1.5,5.5,1.7,5.7,2.1,4.6,1.6
Eden,E07000030,3.8,1.3,3.7,1.2,3.4,1.1,3.5,1.2,3.1,1.1,3.0,1.1,2.7,1.0,2.7,1.0,2.7,1.0,2.5,0.8,2.7,0.9,2.8,0.9,2.8,1.0,2.4,0.9,2.1,0.8,2.0,0.8,1.8,0.7,2.3,0.8,2.2,0.8,2.1,0.7,2.5,0.8,2.2,0.9,2.3,0.9
South Lakeland,E07000031,3.6,1.0,3.7,1.0,3.4,0.9,3.7,1.1,3.3,1.0,2.9,0.9,2.6,0.8,2.4,0.8,2.5,0.8,2.6,0.8,3.0,0.9,3.2,0.9,3.1,0.9,2.7,0.8,2.4,0.7,2.3,0.7,2.1,0.6,2.4,0.7,2.5,0.7,2.3,0.6,2.4,0.7,2.2,0.8,2.2,0.7
County Durham,E06000047,8.8,:,9.4,:,10.0,:,10.0,:,9.9,:,9.2,:,8.9,:,9.5,:,9.1,:,9.0,:,8.7,:,7.9,:,7.6,:,7.0,:,6.6,:,6.8,:,6.8,:,6.6,:,7.0,:,6.0,:,5.9,:,6.3,:,5.7,:
Northumberland,E06000057,7.8,:,8.1,:,8.4,:,8.0,:,7.7,:,7.0,:,6.8,:,7.2,:,7.1,:,7.2,:,7.1,:,6.8,:,6.7,:,6.5,:,6.2,:,6.2,:,6.2,:,6.1,:,6.2,:,5.5,:,5.5,:,6.0,:,5.5,:
Craven,E07000163,6.4,2.1,6.9,2.2,6.3,2.1,5.9,2.1,5.1,1.8,4.5,1.7,4.0,1.5,4.5,1.7,4.7,1.8,4.4,1.6,4.5,1.6,3.8,1.3,3.5,1.2,3.5,1.2,3.5,1.2,3.1,1.1,3.1,1.1,3.4,1.3,3.2,1.1,3.1,1.2,3.2,1.3,3.0,1.3,4.0,1.6
Hambleton,E07000164,5.1,1.6,4.7,1.5,4.9,1.6,4.8,1.6,4.5,1.5,4.2,1.4,4.0,1.3,4.3,1.4,4.1,1.4,4.2,1.3,4.2,1.3,3.4,1.2,3.3,1.1,3.5,1.2,3.1,1.1,2.9,0.9,2.8,0.9,2.7,0.9,2.8,0.8,2.8,0.9,2.8,0.9,3.1,1.1,3.6,1.2
Harrogate,E07000165,5.6,1.4,5.7,1.4,5.8,1.4,5.4,1.4,4.5,1.2,3.8,1.0,3.6,1.0,3.3,1.0,3.3,1.0,3.4,0.9,3.3,0.9,3.2,0.8,3.0,0.8,3.0,0.8,2.7,0.7,2.7,0.7,2.7,0.7,2.8,0.8,2.8,0.7,2.7,0.7,2.7,0.8,3.3,1.0,3.5,1.0
Richmondshire,E07000166,5.9,2.0,5.8,1.9,5.5,1.8,5.6,1.9,5.3,1.8,4.7,1.7,4.6,1.6,4.4,1.6,4.2,1.6,3.9,1.4,3.9,1.4,3.7,1.4,3.2,1.3,3.0,1.2,2.8,1.2,2.5,1.1,2.4,1.0,2.5,1.1,2.5,1.1,2.7,1.2,2.8,1.3,3.4,1.5,3.5,1.6
Ryedale,E07000167,5.0,1.7,5.2,1.8,5.0,1.8,5.1,1.9,5.0,1.9,4.7,1.7,4.4,1.6,4.3,1.7,4.1,1.5,4.1,1.6,4.2,1.7,4.0,1.5,3.4,1.3,3.0,1.2,3.0,1.1,3.0,1.1,2.9,1.1,3.4,1.2,3.3,1.2,3.0,1.1,3.3,1.2,3.5,1.4,3.6,1.3
Scarborough,E07000168,7.7,2.0,8.0,2.1,8.4,2.2,9.3,2.5,8.7,2.4,8.5,2.2,8.1,2.2,7.7,2.2,8.7,2.5,7.7,2.2,8.0,2.2,7.6,2.1,7.3,2.0,6.6,1.9,5.1,1.4,4.2,1.2,3.4,1.0,3.8,1.1,3.7,1.0,3.9,1.0,3.7,1.1,3.5,1.2,3.7,1.2
Selby,E07000169,6.5,1.7,6.4,1.7,6.4,1.7,5.7,1.6,5.6,1.7,5.4,1.6,4.9,1.4,5.1,1.5,5.4,1.7,5.3,1.5,5.1,1.4,5.3,1.5,4.8,1.3,4.6,1.3,4.7,1.3,4.0,1.2,3.9,1.2,3.9,1.2,3.6,1.0,3.8,1.1,3.8,1.2,3.8,1.4,3.7,1.2
Amber Valley,E07000032,8.5,2.1,8.3,2.1,7.8,2.1,7.6,2.1,7.3,2.1,6.4,1.9,6.1,1.7,5.6,1.7,5.1,1.6,5.0,1.4,4.7,1.4,4.6,1.3,4.1,1.2,4.0,1.3,3.8,1.2,3.6,1.1,3.8,1.2,3.7,1.2,3.5,1.0,3.6,1.1,3.5,1.1,3.1,1.1,3.4,1.1
Bolsover,E07000033,8.8,2.7,8.7,2.8,8.9,3.0,8.2,2.9,6.9,2.5,6.2,2.2,6.4,2.1,6.2,2.2,6.1,2.1,6.8,2.1,6.6,2.1,6.2,2.0,6.2,2.0,5.5,2.0,4.9,1.9,4.6,1.7,4.2,1.6,4.2,1.6,3.7,1.3,4.1,1.4,4.1,1.4,4.1,1.5,4.1,1.4
Chesterfield,E07000034,9.7,2.5,9.6,2.5,10.0,2.6,9.2,2.6,8.4,2.4,7.8,2.3,7.8,2.3,8.0,2.4,7.3,2.3,7.2,2.1,6.8,2.0,6.0,1.7,5.9,1.7,5.4,1.8,5.2,1.7,5.5,1.7,5.1,1.6,4.9,1.5,4.7,1.3,4.9,1.5,4.9,1.5,4.9,1.7,5.4,1.8
Erewash,E07000036,10.1,2.5,9.1,2.3,8.7,2.4,7.6,2.2,6.7,2.0,6.1,1.9,6.7,2.0,7.2,2.3,7.0,2.3,7.2,2.1,6.1,1.8,5.9,1.6,5.6,1.5,5.2,1.6,4.9,1.5,4.8,1.5,4.1,1.3,3.9,1.3,3.6,1.1,3.5,1.1,3.4,1.1,3.3,1.2,3.8,1.2
High Peak,E07000037,6.6,1.8,6.3,1.7,6.7,1.8,7.6,2.2,7.5,2.3,7.4,2.2,6.5,1.9,6.2,1.9,5.9,1.9,5.7,1.7,5.3,1.6,4.9,1.5,4.6,1.4,4.4,1.4,4.5,1.5,4.1,1.3,3.5,1.1,3.3,1.1,3.2,1.0,3.3,1.0,3.6,1.2,3.9,1.4,3.7,1.2
North East Derbyshire,E07000038,7.8,2.1,7.5,2.1,7.4,2.1,7.0,2.1,7.1,2.2,6.1,2.0,6.0,1.9,6.1,2.0,5.7,1.9,5.8,1.7,5.4,1.6,4.8,1.4,4.7,1.4,4.4,1.4,4.2,1.4,4.2,1.4,4.1,1.3,4.0,1.3,3.7,1.2,3.7,1.2,3.8,1.3,3.6,1.3,3.6,1.2
South Derbyshire,E07000039,6.0,1.6,6.2,1.8,6.5,1.9,6.6,2.0,6.0,1.9,5.6,1.8,5.8,1.8,5.0,1.7,4.4,1.5,4.4,1.4,3.8,1.2,3.9,1.2,3.8,1.1,3.6,1.1,3.4,1.0,3.2,1.0,3.0,1.0,2.8,1.0,2.7,0.9,2.5,0.8,2.6,0.8,2.7,1.0,3.0,1.0
Derbyshire Dales,E07000035,4.4,1.5,4.6,1.6,4.6,1.7,5.1,1.9,4.6,1.8,4.4,1.6,4.3,1.6,4.2,1.5,3.9,1.4,3.7,1.2,3.5,1.1,3.0,1.0,2.9,1.0,2.7,1.0,2.2,0.8,2.3,0.8,2.0,0.7,1.9,0.7,2.0,0.7,2.3,0.8,2.5,0.9,2.4,0.9,2.6,0.9
Blaby,E07000129,5.3,1.4,5.4,1.5,5.6,1.6,5.5,1.6,5.0,1.5,4.9,1.5,5.2,1.6,4.9,1.6,4.8,1.6,4.7,1.4,4.1,1.2,3.6,1.1,3.6,1.0,3.2,1.0,3.2,1.0,3.3,1.0,3.0,0.9,3.0,0.9,2.9,0.9,2.9,0.9,2.7,0.9,2.7,1.0,3.0,1.0
Hinckley and Bosworth,E07000132,7.6,2.1,7.2,1.9,6.8,1.8,7.1,2.0,6.0,1.8,6.3,1.9,6.4,2.0,6.0,2.0,5.9,2.0,5.6,1.8,4.6,1.5,4.1,1.3,4.0,1.3,3.5,1.1,3.6,1.2,3.4,1.1,3.1,1.0,3.0,1.0,2.8,0.8,3.2,0.9,3.2,0.9,3.2,1.1,3.5,1.1
Charnwood,E07000130,6.4,1.5,6.5,1.5,6.9,1.6,6.9,1.7,6.6,1.8,6.3,1.7,6.2,1.6,6.2,1.7,6.1,1.7,5.4,1.4,4.6,1.2,4.0,1.0,3.9,1.0,4.0,1.1,4.0,1.1,4.0,1.1,3.6,1.0,3.3,0.9,3.5,0.9,3.5,0.9,3.8,1.0,3.7,1.1,3.6,1.0
Harborough,E07000131,4.5,1.3,4.3,1.3,4.0,1.3,4.0,1.4,3.8,1.3,3.7,1.3,3.8,1.3,3.6,1.3,3.7,1.4,3.5,1.2,3.3,1.1,3.2,1.0,2.8,0.8,2.5,0.8,2.5,0.8,2.3,0.8,2.3,0.7,2.3,0.8,2.1,0.7,2.2,0.7,2.4,0.8,2.6,1.0,3.0,1.0
Melton,E07000133,5.2,1.6,5.0,1.7,5.2,1.8,5.1,1.9,4.7,1.8,4.3,1.7,4.2,1.7,4.1,1.7,4.3,1.8,4.5,1.8,3.7,1.5,3.9,1.4,3.9,1.4,3.7,1.3,3.9,1.4,3.8,1.3,3.4,1.2,3.4,1.2,3.2,1.1,3.4,1.2,3.9,1.4,3.8,1.4,4.2,1.5
North West Leicestershire,E07000134,6.3,1.7,6.2,1.7,6.5,1.8,6.7,2.0,6.6,1.9,6.7,2.0,6.7,2.0,7.0,2.1,6.8,2.2,6.4,1.9,5.7,1.7,4.8,1.4,4.3,1.2,4.1,1.2,4.2,1.2,3.9,1.1,3.4,1.0,3.1,1.0,2.8,0.8,3.0,0.9,3.5,1.1,3.4,1.3,3.5,1.2
Oadby and Wigston,E07000135,6.4,2.1,6.0,1.9,7.1,2.2,7.6,2.5,6.8,2.3,6.5,2.2,6.3,2.1,6.3,2.2,6.2,2.3,6.4,2.1,5.0,1.7,4.4,1.5,4.3,1.5,4.5,1.6,4.7,1.7,4.6,1.7,4.3,1.5,3.9,1.4,3.9,1.3,3.7,1.2,3.5,1.2,3.6,1.4,3.3,1.3
Boston,E07000136,8.4,2.6,8.3,2.6,7.8,2.5,7.4,2.5,6.4,2.3,5.8,2.1,6.2,2.2,6.1,2.4,5.8,2.2,5.4,2.0,5.1,1.8,5.6,1.9,5.4,1.9,5.6,2.0,5.5,2.0,5.0,1.8,4.5,1.7,4.0,1.5,3.9,1.3,4.1,1.3,4.3,1.4,4.6,1.7,4.8,1.7
East Lindsey,E07000137,7.5,1.9,7.5,2.0,7.3,1.9,7.7,2.1,7.4,2.1,8.1,2.3,8.5,2.4,7.7,2.3,7.7,2.2,6.7,1.8,6.6,1.7,6.4,1.6,6.1,1.5,6.0,1.6,5.4,1.5,5.0,1.4,4.9,1.5,4.9,1.5,4.5,1.2,4.6,1.3,4.7,1.3,4.6,1.5,4.4,1.4
Lincoln,E07000138,9.6,2.4,10.1,2.6,11.0,2.8,10.9,2.9,9.9,2.8,10.1,2.8,9.3,2.6,8.8,2.6,8.3,2.6,8.3,2.3,8.0,2.3,7.5,1.9,7.1,1.9,6.4,1.8,5.9,1.8,6.4,2.0,6.4,2.0,6.5,2.0,6.1,1.7,6.4,1.9,6.3,1.9,6.0,2.1,6.0,1.9
North Kesteven,E07000139,5.5,1.6,5.5,1.6,6.0,1.6,5.7,1.6,5.3,1.6,5.4,1.6,5.8,1.7,5.6,1.7,5.4,1.7,4.9,1.4,4.1,1.2,3.8,1.1,3.7,1.0,3.7,1.1,3.4,1.1,3.4,1.1,3.3,1.1,3.1,1.0,3.2,0.9,3.4,1.0,3.7,1.1,3.7,1.3,3.8,1.2
South Holland,E07000140,6.3,1.8,6.7,2.0,6.9,2.1,7.4,2.3,8.1,2.5,7.3,2.3,7.2,2.2,6.8,2.2,6.4,2.2,6.2,1.9,5.3,1.6,4.6,1.4,4.5,1.3,4.5,1.4,4.6,1.4,4.8,1.5,4.0,1.3,3.7,1.2,3.6,1.1,3.4,1.1,3.8,1.2,3.7,1.3,3.7,1.2
South Kesteven,E07000141,5.7,1.4,5.6,1.4,5.6,1.4,6.4,1.7,6.0,1.6,5.7,1.5,5.7,1.5,5.9,1.6,5.8,1.7,5.7,1.5,5.2,1.3,4.3,1.1,4.1,1.0,4.2,1.1,4.3,1.2,4.2,1.2,4.0,1.1,3.8,1.1,3.6,1.0,3.7,1.0,3.7,1.0,3.5,1.1,3.4,1.0
West Lindsey,E07000142,8.5,2.2,8.0,2.1,8.2,2.3,8.4,2.4,8.0,2.3,8.2,2.4,8.4,2.5,7.9,2.5,7.9,2.6,7.2,2.2,6.4,1.9,5.5,1.6,5.6,1.6,5.6,1.7,5.6,1.6,5.8,1.7,5.0,1.5,4.6,1.4,4.2,1.2,4.1,1.2,4.2,1.3,4.4,1.6,4.9,1.7
Ashfield,E07000170,9.9,2.4,10.4,2.7,10.1,2.6,9.6,2.6,9.6,2.7,8.8,2.5,9.3,2.6,9.0,2.7,7.9,2.5,7.9,2.2,7.3,2.1,6.9,1.9,6.5,1.8,5.5,1.7,5.1,1.6,5.1,1.5,5.2,1.5,5.1,1.5,4.7,1.3,4.6,1.3,4.6,1.4,4.7,1.6,4.9,1.6
Bassetlaw,E07000171,8.8,2.2,8.3,2.1,8.3,2.1,8.1,2.2,7.9,2.2,8.0,2.2,7.8,2.2,7.6,2.3,6.6,2.1,6.8,1.9,6.8,1.9,6.5,1.9,6.3,1.9,5.0,1.6,4.9,1.6,5.3,1.7,5.1,1.7,5.3,1.7,4.6,1.4,4.5,1.4,4.6,1.4,4.9,1.8,5.1,1.7
Broxtowe,E07000172,7.5,2.0,7.5,2.0,7.7,2.1,7.7,2.3,6.8,2.0,6.9,2.1,6.8,2.0,7.5,2.3,7.3,2.3,6.9,2.0,6.2,1.9,5.4,1.6,5.8,1.8,5.7,1.8,5.5,1.7,4.8,1.5,4.2,1.3,3.8,1.2,3.4,1.0,3.6,1.1,3.4,1.1,3.7,1.3,4.4,1.5
Gedling,E07000173,7.6,2.0,7.2,1.9,7.4,2.0,7.5,2.1,7.4,2.1,7.7,2.2,8.4,2.3,7.9,2.3,7.2,2.2,7.1,1.9,5.9,1.7,5.7,1.6,5.3,1.5,5.4,1.6,5.2,1.5,4.9,1.5,4.6,1.4,3.9,1.2,3.8,1.1,4.3,1.2,4.4,1.3,4.5,1.5,4.1,1.4
Mansfield,E07000174,11.0,2.7,11.0,2.7,10.6,2.7,10.1,2.7,9.3,2.6,8.1,2.3,8.6,2.5,8.8,2.6,9.8,3.0,9.8,2.7,8.3,2.3,7.8,2.2,6.4,1.8,5.8,1.9,5.7,1.8,5.6,1.8,5.0,1.5,5.1,1.5,5.0,1.4,5.2,1.5,5.2,1.5,5.2,1.8,5.4,1.7
Newark and Sherwood,E07000175,6.4,1.7,6.4,1.7,6.7,1.8,7.1,2.0,7.0,2.0,6.9,2.0,6.8,1.9,6.0,1.8,5.5,1.7,5.6,1.6,5.1,1.5,5.4,1.6,5.4,1.6,5.5,1.7,5.2,1.6,5.1,1.5,4.8,1.4,4.5,1.4,4.5,1.3,4.2,1.2,4.0,1.1,4.1,1.4,4.1,1.3
Nottingham,E06000018,13.3,1.8,13.5,1.9,13.3,1.8,12.9,1.9,13.6,1.9,13.7,1.9,14.3,1.9,13.6,2.0,12.5,1.9,12.2,1.8,12.0,1.8,11.2,1.7,10.7,1.6,10.0,1.7,8.5,1.5,8.9,1.5,8.7,1.5,7.9,1.4,8.0,1.4,7.7,1.4,7.6,1.4,7.7,1.6,7.7,1.6
Rushcliffe,E07000176,6.0,1.6,5.2,1.5,5.3,1.5,5.4,1.6,5.0,1.5,4.6,1.4,4.7,1.4,4.6,1.5,4.6,1.5,4.5,1.3,4.1,1.2,3.7,1.1,3.6,1.1,3.8,1.2,3.8,1.1,3.6,1.1,3.1,0.9,2.9,0.9,2.8,0.8,3.1,0.9,3.2,1.0,3.5,1.2,3.5,1.1
Cambridge,E07000008,5.4,1.4,5.5,1.6,5.1,1.5,5.0,1.6,4.6,1.4,4.3,1.3,4.6,1.4,5.3,1.6,5.1,1.6,4.6,1.3,4.5,1.3,4.4,1.2,4.0,1.1,3.7,1.1,3.3,1.0,2.9,0.9,3.2,0.9,3.7,1.0,3.6,1.0,3.4,1.0,3.4,1.0,3.5,1.3,3.6,1.2
East Cambridgeshire,E07000009,5.1,1.4,5.1,1.4,5.3,1.5,5.8,1.8,5.6,1.7,5.6,1.8,5.5,1.7,4.7,1.5,4.4,1.4,4.3,1.3,4.2,1.2,4.5,1.3,4.4,1.3,3.9,1.2,3.8,1.1,3.3,1.0,3.1,0.9,3.3,1.0,3.1,0.9,3.2,1.0,3.2,1.0,2.5,0.9,2.6,0.9
Fenland,E07000010,8.4,2.4,9.4,2.8,10.3,3.2,9.7,3.1,10.0,3.0,9.5,2.9,8.9,2.6,8.1,2.4,7.0,2.2,6.3,1.9,5.6,1.6,5.2,1.5,5.4,1.6,5.1,1.6,4.7,1.5,4.5,1.5,4.0,1.3,4.0,1.2,3.7,1.1,3.9,1.2,4.0,1.2,3.4,1.2,3.6,1.2
Huntingdonshire,E07000011,5.7,1.3,5.7,1.3,5.5,1.3,5.8,1.5,5.4,1.4,5.6,1.5,5.2,1.4,4.9,1.3,4.6,1.3,4.1,1.1,3.9,1.0,3.8,0.9,3.6,0.9,3.2,0.8,3.0,0.8,2.8,0.8,2.7,0.7,2.8,0.7,2.6,0.7,2.6,0.7,2.8,0.7,2.6,0.8,2.8,0.8
Peterborough,E06000031,9.2,1.4,9.4,1.5,9.5,1.6,9.9,1.7,9.3,1.7,10.3,1.8,9.5,1.7,8.9,1.6,8.4,1.6,7.9,1.4,7.4,1.3,7.1,1.2,6.9,1.2,6.7,1.2,6.6,1.2,5.7,1.1,5.2,1.0,4.5,0.9,4.3,0.8,4.5,0.9,4.6,0.9,4.5,1.1,4.9,1.1
South Cambridgeshire,E07000012,3.9,0.9,3.9,1.0,4.3,1.1,4.8,1.3,4.3,1.2,4.0,1.1,3.9,1.1,3.9,1.1,3.8,1.1,3.6,0.9,3.2,0.8,3.3,0.9,3.2,0.8,2.7,0.7,2.7,0.7,2.5,0.7,2.5,0.7,2.6,0.7,2.4,0.6,2.3,0.6,2.3,0.6,2.2,0.7,2.4,0.7
Breckland,E07000143,5.7,1.5,5.9,1.5,6.1,1.6,6.5,1.7,6.9,1.9,7.4,2.0,7.8,2.0,7.7,2.1,6.9,2.0,5.9,1.5,5.0,1.3,5.2,1.3,4.8,1.2,4.8,1.2,4.7,1.2,4.1,1.1,3.9,1.0,3.7,1.0,3.5,0.9,3.5,1.0,3.4,1.0,3.3,1.2,3.6,1.2
Broadland,E07000144,4.8,1.3,4.7,1.2,4.5,1.3,4.5,1.3,4.4,1.3,4.3,1.3,4.4,1.3,4.4,1.3,4.5,1.4,4.2,1.1,4.0,1.1,4.2,1.1,3.9,1.0,3.7,1.0,3.5,1.0,3.1,0.9,3.0,0.8,3.1,0.9,3.0,0.8,3.0,0.8,2.9,0.8,2.8,1.0,3.0,1.0
Great Yarmouth,E07000145,10.9,2.9,10.1,2.7,10.2,2.7,9.9,2.7,9.3,2.7,10.0,2.8,9.5,2.7,9.9,2.8,8.7,2.6,8.4,2.2,8.1,2.1,7.5,2.0,7.9,2.1,7.3,2.1,6.9,2.0,5.9,1.8,5.5,1.7,5.2,1.6,5.2,1.6,6.0,1.8,6.0,1.9,6.9,2.5,6.8,2.4
Norwich,E07000148,9.3,2.1,9.7,2.2,9.3,2.1,9.7,2.3,9.6,2.4,9.9,2.5,9.9,2.4,9.7,2.5,8.8,2.4,8.4,2.0,8.2,2.0,8.2,2.0,7.5,1.8,7.1,1.8,6.1,1.5,5.9,1.5,5.6,1.4,5.5,1.3,5.3,1.2,4.9,1.2,5.0,1.3,4.9,1.5,5.0,1.5
North Norfolk,E07000147,6.7,1.8,6.7,2.0,6.3,1.9,5.6,1.9,4.9,1.7,4.9,1.7,5.1,1.7,5.2,1.7,5.3,1.8,5.0,1.6,4.7,1.5,5.0,1.5,5.3,1.6,4.7,1.5,4.7,1.5,4.1,1.3,3.4,1.1,3.8,1.2,3.4,1.1,3.9,1.2,3.9,1.3,3.5,1.4,3.5,1.3
South Norfolk,E07000149,5.5,1.4,5.5,1.4,5.2,1.4,4.9,1.4,4.3,1.3,4.0,1.2,4.3,1.2,4.2,1.3,4.7,1.4,4.5,1.2,4.5,1.2,4.7,1.2,4.5,1.2,4.3,1.2,3.8,1.1,3.3,1.0,3.0,0.9,2.9,0.8,2.7,0.7,2.8,0.8,2.8,0.8,2.9,1.0,2.9,0.9
King's Lynn and West Norfolk,E07000146,7.0,1.7,6.9,1.7,7.4,1.9,7.6,2.1,7.5,2.1,6.8,1.9,7.0,1.9,6.9,2.0,6.8,2.0,6.9,1.8,6.2,1.6,6.1,1.5,5.7,1.5,5.4,1.5,5.1,1.4,4.6,1.3,4.2,1.1,3.7,1.0,3.6,1.0,3.7,1.0,3.8,1.0,3.7,1.2,3.8,1.2
Babergh,E07000200,5.7,1.5,5.5,1.5,5.6,1.5,5.7,1.6,5.5,1.6,5.8,1.7,5.9,1.8,5.8,1.9,5.6,1.9,5.2,1.6,4.3,1.4,4.6,1.4,4.4,1.3,4.0,1.2,3.9,1.3,3.6,1.1,3.4,1.1,3.5,1.1,3.2,0.9,3.3,1.0,3.4,1.0,3.6,1.3,3.6,1.2
Forest Heath,E07000201,5.2,1.6,5.3,1.7,4.9,1.6,5.3,1.8,5.4,1.9,5.9,2.0,6.1,2.1,5.6,2.1,5.2,1.9,4.9,1.6,4.2,1.3,4.0,1.2,3.7,1.1,3.2,1.1,3.3,1.1,2.9,0.9,2.7,0.9,2.6,0.9,2.6,0.9,2.6,0.9,2.6,0.9,2.7,1.0,3.0,1.1
Ipswich,E07000202,8.8,2.0,8.6,2.0,9.2,2.1,9.8,2.3,9.4,2.3,9.7,2.3,8.9,2.2,8.2,2.1,8.5,2.2,8.1,1.9,7.2,1.7,7.1,1.7,6.7,1.5,6.6,1.6,6.7,1.6,6.3,1.5,5.9,1.4,5.1,1.3,4.7,1.1,5.0,1.2,4.8,1.2,5.0,1.5,5.0,1.3
Mid Suffolk,E07000203,4.5,1.2,4.8,1.3,5.1,1.4,5.2,1.5,4.8,1.4,4.1,1.3,3.9,1.2,4.0,1.3,3.8,1.3,3.7,1.1,3.7,1.1,3.7,1.0,3.8,1.1,3.8,1.2,3.6,1.1,3.2,1.0,3.1,1.0,3.1,1.0,3.2,0.9,3.3,1.0,3.5,1.0,3.5,1.2,3.3,1.1
St Edmundsbury,E07000204,5.4,1.4,5.3,1.3,5.5,1.4,5.5,1.5,5.1,1.4,5.3,1.4,5.3,1.5,4.9,1.4,4.8,1.4,4.6,1.2,4.4,1.2,4.6,1.2,4.2,1.1,3.9,1.1,3.9,1.1,3.5,1.0,3.3,0.9,3.1,0.9,3.0,0.8,3.2,0.9,3.2,0.9,3.1,1.1,3.5,1.1
Suffolk Coastal,E07000205,4.4,1.2,4.2,1.2,4.0,1.1,4.3,1.3,4.6,1.4,4.4,1.3,4.4,1.3,4.3,1.3,4.0,1.3,4.0,1.1,3.8,1.0,3.8,1.0,3.7,1.0,3.4,0.9,3.2,0.9,3.0,0.9,2.7,0.8,2.9,0.8,2.7,0.7,2.7,0.7,2.9,0.8,2.9,0.9,2.8,0.8
Waveney,E07000206,8.9,2.1,8.8,2.1,8.7,2.1,10.0,2.6,8.8,2.4,9.0,2.5,8.2,2.3,8.7,2.4,9.1,2.5,7.9,2.0,7.8,2.0,7.1,1.8,6.8,1.7,6.0,1.6,5.3,1.5,5.0,1.4,4.6,1.3,4.8,1.3,5.0,1.4,5.3,1.5,5.3,1.6,5.8,2.1,6.1,2.1
Bedford,E06000055,7.4,1.5,7.4,1.6,7.4,1.6,7.8,1.8,7.3,1.8,7.4,1.8,7.9,1.9,7.9,1.9,8.0,2.0,7.4,1.7,6.4,1.5,6.0,1.4,6.1,1.3,6.0,1.4,6.1,1.3,5.4,1.2,5.1,1.2,4.5,1.1,4.4,1.0,4.6,1.1,4.5,1.1,4.6,1.4,4.7,1.3
Central Bedfordshire,E06000056,5.7,:,5.7,:,5.9,:,6.2,:,6.1,:,6.0,:,5.7,:,5.5,:,5.3,:,4.8,:,4.4,:,4.3,:,3.9,:,3.8,:,3.7,:,3.4,:,3.2,:,3.2,:,3.1,:,3.1,:,3.1,:,3.0,:,3.1,:
Broxbourne,E07000095,6.9,1.9,7.1,2.0,6.7,2.0,6.5,2.0,6.4,2.1,5.7,1.9,6.0,2.0,6.3,2.1,6.3,2.1,6.3,1.8,5.2,1.5,5.0,1.4,4.8,1.3,4.7,1.4,4.7,1.3,4.2,1.3,3.9,1.2,3.6,1.1,3.5,1.0,3.8,1.1,4.1,1.2,3.7,1.3,3.7,1.2
Dacorum,E07000096,5.7,1.4,5.9,1.5,6.2,1.5,6.4,1.7,6.0,1.6,5.6,1.6,5.2,1.4,4.7,1.3,4.3,1.3,4.4,1.1,4.0,1.0,4.5,1.1,4.5,1.1,4.2,1.1,4.1,1.0,3.7,1.0,3.6,0.9,3.4,0.9,3.3,0.8,3.3,0.9,3.2,0.9,3.2,1.1,3.6,1.1
East Hertfordshire,E07000242,5.2,1.2,5.0,1.3,4.8,1.2,4.9,1.3,4.4,1.2,4.4,1.3,4.4,1.3,4.4,1.3,4.2,1.3,3.8,1.0,3.8,1.0,3.7,0.9,3.6,0.9,3.4,0.9,3.1,0.8,2.7,0.8,2.6,0.7,2.9,0.8,2.9,0.7,3.1,0.8,3.1,0.8,2.9,0.9,2.9,0.9
Hertsmere,E07000098,5.8,1.6,5.9,1.7,5.9,1.7,6.3,1.9,5.6,1.7,5.5,1.8,5.5,1.7,5.6,1.8,5.3,1.7,5.0,1.4,4.6,1.3,4.5,1.2,5.0,1.4,5.2,1.5,5.3,1.6,4.9,1.5,4.4,1.3,4.1,1.2,3.4,1.0,3.7,1.1,3.5,1.1,3.1,1.1,3.3,1.0
North Hertfordshire,E07000099,5.8,1.3,5.5,1.4,6.1,1.5,6.9,1.9,6.4,1.7,6.8,1.8,6.4,1.7,6.1,1.7,6.3,1.8,5.5,1.4,5.0,1.3,4.8,1.2,4.8,1.2,4.9,1.3,4.6,1.2,4.2,1.1,3.7,1.0,3.4,0.9,3.1,0.8,3.4,0.9,3.3,0.9,3.4,1.1,3.7,1.1
St Albans,E07000240,4.4,1.1,4.5,1.2,4.5,1.2,4.9,1.3,4.8,1.3,5.1,1.4,5.0,1.3,5.1,1.4,4.6,1.4,3.7,1.0,3.7,1.0,3.7,0.9,3.6,0.9,3.4,0.9,3.2,0.9,2.9,0.8,2.7,0.8,2.8,0.8,2.8,0.8,3.0,0.8,3.3,1.0,3.5,1.2,3.6,1.1
Stevenage,E07000243,7.7,2.1,8.0,2.3,7.8,2.4,7.3,2.3,7.0,2.1,7.5,2.2,7.9,2.3,7.9,2.4,7.8,2.3,7.3,1.9,6.7,1.7,6.7,1.7,6.4,1.6,5.8,1.6,5.9,1.6,4.8,1.4,4.5,1.3,4.3,1.3,4.0,1.1,4.3,1.3,4.2,1.3,4.2,1.5,4.5,1.5
Three Rivers,E07000102,5.8,1.7,6.0,1.7,5.9,1.7,6.5,2.0,6.5,2.0,6.2,1.9,6.0,1.8,6.3,2.0,5.6,1.8,5.0,1.4,4.4,1.3,4.3,1.2,4.1,1.2,3.7,1.1,3.5,1.1,3.1,1.0,3.0,1.0,2.9,1.0,3.1,1.0,3.3,1.1,3.5,1.1,3.5,1.4,3.2,1.2
Watford,E07000103,6.4,1.8,6.6,1.9,5.8,1.7,5.5,1.7,5.2,1.6,4.8,1.5,4.8,1.4,4.6,1.4,4.9,1.6,5.2,1.5,5.2,1.5,5.6,1.5,5.3,1.4,4.7,1.4,4.5,1.3,4.0,1.3,3.8,1.2,4.2,1.3,4.2,1.3,3.9,1.2,3.9,1.2,3.8,1.4,3.7,1.2
Welwyn Hatfield,E07000241,7.4,1.9,7.1,1.9,7.1,2.0,7.3,2.2,6.1,1.9,5.4,1.7,5.3,1.6,5.4,1.7,5.5,1.8,5.9,1.7,5.7,1.6,5.0,1.3,5.3,1.4,5.1,1.4,5.0,1.3,4.8,1.3,4.5,1.2,4.2,1.2,4.0,1.1,4.1,1.1,3.6,1.0,3.8,1.2,3.8,1.1
Basildon,E07000066,7.7,1.7,7.5,1.8,7.4,1.8,8.1,2.0,7.8,2.0,8.1,2.2,8.9,2.4,8.7,2.4,8.1,2.3,7.5,1.9,6.7,1.7,6.3,1.6,6.3,1.5,6.1,1.6,5.6,1.4,5.0,1.3,4.9,1.3,4.6,1.2,4.4,1.1,5.1,1.3,4.9,1.3,4.9,1.5,5.0,1.4
Braintree,E07000067,6.0,1.3,6.1,1.4,6.6,1.6,6.7,1.7,6.8,1.8,6.9,1.8,6.8,1.8,6.7,1.9,6.6,1.9,5.9,1.5,5.5,1.4,5.4,1.4,4.7,1.2,4.6,1.2,4.4,1.2,4.0,1.1,3.9,1.0,3.7,1.0,3.8,1.0,3.8,1.0,3.8,1.0,3.6,1.2,3.4,1.0
Brentwood,E07000068,4.3,1.4,4.3,1.4,4.7,1.5,4.9,1.7,4.7,1.7,4.2,1.5,3.9,1.4,3.8,1.5,4.1,1.6,3.8,1.4,3.7,1.3,3.8,1.3,3.7,1.2,3.6,1.3,3.6,1.3,3.2,1.2,2.9,1.0,3.2,1.2,3.0,1.1,3.5,1.3,3.6,1.4,3.4,1.3,3.3,1.2
Castle Point,E07000069,7.0,1.8,6.6,1.8,6.8,2.0,6.9,2.2,7.3,2.3,7.9,2.5,7.5,2.3,6.8,2.1,6.1,2.0,5.9,1.8,5.4,1.7,5.4,1.6,5.5,1.7,4.8,1.6,4.5,1.5,4.5,1.6,3.8,1.3,3.8,1.3,3.8,1.3,4.1,1.5,3.9,1.5,3.7,1.4,3.5,1.3
Chelmsford,E07000070,6.2,1.3,6.0,1.3,5.7,1.3,6.0,1.4,6.2,1.5,6.2,1.5,6.1,1.5,5.9,1.5,5.4,1.5,5.0,1.2,4.7,1.2,4.5,1.1,4.6,1.1,4.7,1.2,4.6,1.1,4.4,1.1,4.0,1.0,3.8,1.0,3.6,0.9,3.6,0.9,3.3,0.9,3.0,0.9,3.1,0.9
Colchester,E07000071,6.3,1.4,6.2,1.4,7.0,1.6,7.4,1.9,6.8,1.8,6.7,1.8,6.5,1.7,6.1,1.7,6.1,1.7,6.2,1.5,5.9,1.5,5.9,1.4,5.7,1.4,4.5,1.2,4.1,1.1,3.7,1.0,3.8,1.0,3.9,1.0,3.7,0.9,3.9,1.0,4.0,1.0,4.0,1.2,4.3,1.2
Epping Forest,E07000072,7.4,1.8,7.0,1.8,7.1,1.8,6.5,1.8,5.8,1.7,5.6,1.6,5.3,1.5,5.6,1.7,5.6,1.7,5.7,1.6,5.7,1.6,5.2,1.4,5.3,1.4,5.3,1.5,4.7,1.3,4.3,1.2,3.8,1.0,3.4,0.9,3.3,0.9,3.6,1.0,3.7,1.1,3.7,1.2,3.7,1.1
Harlow,E07000073,8.9,2.4,8.7,2.4,9.4,2.7,10.0,3.1,9.7,3.0,10.8,3.3,10.0,3.0,9.7,3.0,8.9,2.9,7.5,2.3,7.0,2.2,6.3,1.9,6.5,1.9,6.7,2.1,6.8,2.1,6.4,2.0,5.5,1.7,5.0,1.5,4.2,1.2,4.1,1.2,4.2,1.3,4.0,1.4,4.3,1.4
Maldon,E07000074,6.3,2.1,6.0,2.0,4.8,1.7,5.6,2.0,5.5,2.0,5.7,1.9,5.3,1.8,5.2,1.8,5.4,1.9,5.3,1.7,4.8,1.6,4.9,1.5,4.7,1.6,4.3,1.6,5.0,1.7,4.1,1.6,3.3,1.3,3.2,1.2,3.0,1.2,3.3,1.3,3.4,1.4,3.9,1.6,4.0,1.5
Rochford,E07000075,5.1,1.5,5.4,1.7,5.4,1.7,5.9,1.9,5.4,1.8,5.0,1.7,5.1,1.7,5.0,1.7,5.1,1.9,4.7,1.5,4.3,1.5,4.6,1.5,4.4,1.4,4.4,1.5,4.0,1.4,3.3,1.2,3.0,1.1,2.9,1.0,2.6,0.9,2.6,0.9,2.8,1.0,2.8,1.1,3.5,1.4
Southend-on-Sea,E06000033,8.3,1.3,8.1,1.3,7.7,1.3,8.0,1.4,7.7,1.4,7.4,1.4,7.9,1.5,7.7,1.5,7.3,1.5,7.9,1.4,7.5,1.4,7.5,1.3,7.6,1.3,6.7,1.3,5.7,1.1,5.3,1.1,5.3,1.1,5.6,1.1,5.4,1.0,5.1,1.0,5.1,1.0,4.6,1.1,5.0,1.1
Tendring,E07000076,9.7,2.6,9.2,2.5,8.8,2.3,9.2,2.5,9.1,2.5,10.1,2.7,9.3,2.6,9.3,2.6,8.8,2.5,8.4,2.2,8.2,2.1,8.4,2.1,8.2,2.1,6.9,2.0,6.5,1.9,5.9,1.8,5.7,1.7,6.0,1.7,6.1,1.6,6.5,1.8,6.4,1.8,5.5,1.8,5.8,1.8
Thurrock,E06000034,9.2,1.4,9.5,1.5,9.3,1.5,9.2,1.6,8.3,1.5,7.8,1.5,7.8,1.4,7.3,1.4,7.3,1.4,7.6,1.3,7.3,1.3,6.7,1.2,6.7,1.1,6.6,1.2,6.6,1.2,6.3,1.2,5.8,1.1,5.3,1.0,4.9,0.9,5.2,1.0,5.0,1.0,5.0,1.2,4.6,1.0
Uttlesford,E07000077,4.4,1.3,4.1,1.2,4.1,1.3,4.0,1.3,3.6,1.1,3.5,1.1,3.4,1.1,3.3,1.1,3.0,1.1,2.9,0.9,2.8,0.9,3.1,0.9,3.1,0.9,3.0,1.0,3.0,0.9,2.8,0.9,2.7,0.9,2.6,0.9,2.4,0.8,2.0,0.7,2.1,0.7,2.1,0.8,2.4,0.9
Eastbourne,E07000061,6.8,1.8,7.0,1.8,6.7,1.8,6.7,1.9,7.5,2.0,7.7,2.1,7.9,2.1,7.4,2.1,7.1,2.2,7.7,2.0,7.1,1.9,7.2,1.8,7.2,1.9,6.4,1.8,6.4,1.8,6.2,1.7,6.2,1.6,6.4,1.7,6.1,1.6,5.9,1.7,5.3,1.5,4.8,1.6,4.6,1.5
Hastings,E07000062,9.5,2.4,9.0,2.3,9.4,2.5,8.7,2.5,9.9,2.8,10.1,2.9,10.5,2.9,10.8,3.1,10.0,3.0,9.4,2.5,8.7,2.4,8.6,2.3,8.2,2.2,9.0,2.5,8.6,2.4,8.3,2.3,8.5,2.3,7.7,2.1,7.5,2.0,8.1,2.3,7.0,2.2,6.3,2.1,5.9,2.0
Lewes,E07000063,5.2,1.4,5.5,1.5,5.6,1.6,5.4,1.6,5.6,1.6,5.3,1.6,5.5,1.6,5.6,1.8,5.1,1.7,5.4,1.5,5.1,1.4,5.0,1.4,5.0,1.4,5.1,1.5,5.2,1.5,5.1,1.4,5.0,1.3,4.2,1.2,3.9,1.0,3.7,1.0,3.8,1.1,3.8,1.2,3.5,1.0
Rother,E07000064,8.0,2.2,7.9,2.2,7.9,2.3,7.8,2.3,7.3,2.2,7.6,2.3,6.8,2.1,6.7,2.1,6.4,2.1,5.6,1.6,5.7,1.7,5.4,1.6,5.2,1.6,5.2,1.7,4.5,1.4,4.1,1.2,3.8,1.1,4.1,1.2,4.2,1.2,4.4,1.3,4.5,1.3,3.8,1.4,4.0,1.3
Wealden,E07000065,4.3,1.0,4.3,1.1,4.1,1.0,4.2,1.1,4.8,1.2,5.2,1.3,5.2,1.3,5.2,1.3,4.2,1.2,4.0,1.0,3.7,0.9,3.6,0.9,3.9,0.9,3.8,1.0,3.6,0.9,3.5,0.8,3.5,0.8,3.4,0.8,3.6,0.8,3.8,0.9,3.4,0.8,3.1,0.9,3.2,0.9
Ashford,E07000105,6.4,1.6,6.1,1.5,6.5,1.7,6.2,1.7,6.4,1.8,6.9,1.8,6.9,1.8,6.8,1.9,6.4,1.9,5.7,1.5,5.4,1.4,5.2,1.4,5.1,1.3,5.2,1.4,4.9,1.3,5.0,1.3,4.8,1.3,4.7,1.3,5.0,1.2,5.2,1.3,4.7,1.2,4.5,1.4,4.0,1.2
Canterbury,E07000106,7.3,1.7,7.0,1.7,7.2,1.8,7.7,2.0,7.4,2.0,8.9,2.3,9.2,2.4,9.6,2.6,8.7,2.5,7.6,2.0,6.7,1.8,6.0,1.6,5.8,1.5,5.2,1.5,5.8,1.5,5.6,1.5,5.9,1.5,5.4,1.5,5.7,1.5,5.2,1.4,5.1,1.5,5.2,1.7,4.1,1.3
Dartford,E07000107,7.2,2.1,6.8,2.0,6.8,2.0,6.9,2.1,6.7,2.2,7.0,2.2,7.1,2.2,7.3,2.3,6.5,2.1,6.1,1.8,5.3,1.6,4.4,1.4,4.7,1.4,4.8,1.6,5.8,1.7,5.6,1.7,5.2,1.5,4.7,1.4,4.3,1.2,4.5,1.2,4.2,1.2,4.0,1.3,3.2,1.1
Dover,E07000108,7.6,2.0,7.6,2.1,7.7,2.2,7.6,2.3,7.7,2.3,8.5,2.4,8.4,2.3,8.2,2.3,7.2,2.1,7.2,2.0,7.4,2.0,7.0,1.9,8.1,2.3,7.4,2.2,6.7,1.9,5.9,1.6,5.5,1.5,5.3,1.5,5.3,1.5,6.2,1.8,5.2,1.6,5.0,1.7,4.5,1.5
Gravesham,E07000109,9.4,2.6,10.7,2.9,9.8,2.7,9.4,2.8,9.4,2.8,9.2,2.9,9.4,2.8,9.5,3.0,8.4,2.8,7.6,2.3,6.6,2.0,6.2,1.9,6.3,1.9,6.6,2.0,7.0,2.2,7.1,2.2,6.3,2.0,5.5,1.8,5.9,1.9,6.8,2.3,7.1,2.6,6.7,2.6,5.5,1.9
Maidstone,E07000110,5.1,1.2,5.4,1.3,5.7,1.4,5.9,1.5,6.3,1.6,6.7,1.8,6.9,1.8,6.8,1.8,6.1,1.7,5.6,1.4,5.2,1.3,4.9,1.3,4.9,1.2,5.0,1.3,4.6,1.2,4.2,1.1,4.0,1.0,3.8,0.9,3.8,0.9,4.2,1.0,4.4,1.1,4.4,1.3,4.0,1.2
Medway,E06000035,8.6,1.4,9.0,1.4,8.9,1.4,8.8,1.5,8.5,1.4,9.6,1.5,10.2,1.6,9.6,1.6,9.4,1.6,8.7,1.4,8.3,1.4,7.7,1.3,7.4,1.2,7.7,1.3,7.7,1.3,7.3,1.2,7.5,1.2,6.9,1.2,6.2,1.0,6.6,1.1,6.0,1.1,5.3,1.2,5.0,1.1
Sevenoaks,E07000111,4.5,1.2,4.6,1.3,4.8,1.4,4.6,1.4,4.5,1.4,4.4,1.4,4.5,1.3,4.7,1.5,4.4,1.5,4.5,1.4,4.1,1.3,3.8,1.3,3.7,1.2,3.6,1.1,3.7,1.1,3.8,1.1,3.5,1.1,3.2,1.0,3.4,1.0,3.5,1.0,3.8,1.2,3.5,1.3,3.2,1.2
Shepway,E07000112,7.7,2.0,7.3,1.9,6.9,1.9,7.0,2.0,7.0,2.0,7.5,2.1,7.7,2.1,8.3,2.4,7.6,2.2,7.4,2.0,6.7,1.9,5.8,1.6,5.8,1.6,6.0,1.8,5.9,1.7,5.3,1.5,5.0,1.4,4.9,1.4,5.3,1.4,5.5,1.5,5.3,1.5,4.7,1.6,4.2,1.4
Swale,E07000113,8.4,2.0,8.8,2.2,8.9,2.1,8.1,2.1,8.4,2.1,7.7,2.0,8.5,2.2,9.4,2.5,8.6,2.4,8.4,2.1,7.1,1.8,6.5,1.6,6.2,1.6,5.9,1.6,6.0,1.6,5.7,1.5,6.1,1.6,5.8,1.5,5.9,1.5,6.2,1.6,6.0,1.7,6.3,2.0,5.4,1.7
Thanet,E07000114,13.4,3.1,12.3,3.0,11.3,2.8,11.0,2.9,11.2,3.0,12.4,3.2,12.4,3.5,12.0,3.5,11.0,3.4,10.5,2.9,9.7,2.6,9.8,2.6,10.1,2.6,9.1,2.5,8.8,2.3,8.3,2.1,7.3,1.9,7.1,1.8,6.9,1.7,7.2,1.9,6.4,1.8,5.5,1.9,4.8,1.6
Tonbridge and Malling,E07000115,5.4,1.4,5.6,1.5,5.8,1.7,6.1,1.8,6.3,2.0,6.2,1.9,6.0,1.8,5.6,1.7,5.2,1.7,5.0,1.4,4.2,1.2,3.9,1.2,3.9,1.1,3.7,1.1,3.9,1.1,3.9,1.1,4.1,1.1,4.0,1.1,3.8,1.0,4.1,1.0,3.7,1.0,3.8,1.2,3.4,1.1
Tunbridge Wells,E07000116,4.3,1.1,4.4,1.2,4.2,1.1,4.2,1.2,4.2,1.2,3.9,1.2,4.0,1.2,3.9,1.2,3.8,1.2,3.9,1.1,3.7,1.1,3.8,1.1,4.1,1.2,4.1,1.2,4.1,1.2,3.9,1.2,3.6,1.0,3.6,1.1,3.4,0.9,3.4,0.9,3.2,0.9,3.1,1.0,3.1,1.0
Elmbridge,E07000207,4.4,1.1,4.5,1.2,4.6,1.2,4.2,1.2,4.3,1.2,4.3,1.2,4.0,1.1,4.1,1.2,3.8,1.1,3.5,0.9,3.1,0.8,3.3,0.9,3.4,0.9,3.4,0.9,3.3,0.9,3.3,0.9,3.1,0.8,3.3,0.9,3.4,0.9,3.2,0.8,3.4,0.9,3.2,1.0,3.0,0.9
Epsom and Ewell,E07000208,4.2,1.4,4.4,1.5,4.0,1.4,4.1,1.5,4.2,1.5,4.5,1.6,4.8,1.6,4.9,1.8,4.9,1.9,4.3,1.5,3.7,1.3,3.3,1.1,2.9,0.9,2.7,0.9,2.9,1.0,2.7,0.9,2.9,0.9,2.9,1.0,2.7,0.9,2.7,0.9,3.0,1.0,3.0,1.1,3.3,1.1
Guildford,E07000209,4.7,1.1,4.9,1.2,4.8,1.2,4.8,1.3,5.0,1.4,5.6,1.5,5.7,1.5,5.8,1.6,5.2,1.5,4.3,1.2,4.2,1.2,3.9,1.0,3.6,1.0,3.7,1.0,3.4,0.9,3.3,0.9,3.4,0.9,3.1,0.8,3.2,0.8,3.6,1.0,3.5,1.0,3.4,1.1,2.9,0.9
Mole Valley,E07000210,4.4,1.2,4.3,1.2,3.9,1.1,4.1,1.2,4.3,1.3,4.3,1.3,4.5,1.3,4.3,1.3,3.7,1.2,3.4,1.1,3.0,1.0,2.9,0.9,2.9,1.0,3.0,1.0,3.1,1.0,3.0,0.9,3.1,0.9,2.9,0.8,3.0,0.8,3.1,0.8,3.1,0.9,3.1,1.1,2.9,1.0
Reigate and Banstead,E07000211,4.4,1.1,4.4,1.2,4.7,1.3,4.8,1.4,5.0,1.4,4.8,1.3,5.0,1.3,4.8,1.4,4.1,1.3,4.2,1.1,4.0,1.1,4.0,1.1,3.9,1.0,3.9,1.1,3.8,1.0,3.4,0.9,3.5,0.9,3.1,0.8,3.0,0.7,3.0,0.7,2.9,0.8,3.1,0.9,2.9,0.9
Runnymede,E07000212,5.3,1.5,5.6,1.6,4.6,1.4,4.4,1.4,4.5,1.4,4.6,1.5,4.4,1.4,4.6,1.5,4.0,1.4,3.8,1.2,3.9,1.2,4.0,1.2,3.9,1.2,3.8,1.2,3.3,1.0,3.2,1.0,3.3,1.0,3.2,1.0,3.4,1.0,3.0,0.9,2.9,0.9,3.1,1.1,2.9,0.9
Spelthorne,E07000213,4.7,1.3,4.7,1.4,4.8,1.4,4.5,1.3,4.4,1.3,4.4,1.3,4.8,1.3,5.2,1.5,4.8,1.5,4.5,1.2,4.3,1.2,4.4,1.2,4.2,1.1,4.0,1.1,3.9,1.1,3.4,1.0,3.4,0.9,3.7,1.0,3.8,0.9,3.9,1.0,3.9,1.1,3.8,1.2,3.3,1.0
Surrey Heath,E07000214,4.8,1.4,4.8,1.4,4.8,1.4,4.6,1.5,4.9,1.6,5.2,1.6,5.4,1.6,5.3,1.7,4.8,1.6,4.6,1.3,4.3,1.3,4.0,1.1,3.6,1.0,3.1,0.9,3.2,0.9,3.1,0.9,3.3,0.9,3.1,0.9,3.0,0.8,3.0,0.8,3.0,0.9,3.2,1.1,2.9,1.0
Tandridge,E07000215,5.3,1.5,4.8,1.4,4.9,1.5,5.1,1.6,5.0,1.6,4.7,1.5,4.8,1.5,4.1,1.4,3.7,1.3,4.0,1.3,3.9,1.3,3.8,1.2,3.8,1.2,3.7,1.3,3.3,1.1,3.0,1.0,2.9,1.0,2.8,0.9,2.7,0.8,2.8,0.9,2.8,0.9,2.8,1.0,2.8,0.9
Waverley,E07000216,4.1,1.1,4.2,1.1,4.3,1.2,4.2,1.2,4.2,1.2,4.2,1.2,4.4,1.2,4.6,1.3,4.3,1.3,4.2,1.2,4.2,1.2,3.9,1.0,3.7,1.0,3.6,1.0,3.2,0.9,3.1,0.9,3.0,0.8,2.9,0.8,2.8,0.7,2.5,0.7,2.5,0.7,2.3,0.8,2.4,0.8
Woking,E07000217,5.0,1.4,4.3,1.2,4.5,1.3,4.2,1.3,4.1,1.3,4.5,1.4,4.4,1.3,4.4,1.4,4.0,1.4,4.5,1.3,4.2,1.2,3.9,1.1,4.0,1.1,3.6,1.1,3.5,1.0,3.4,1.0,2.9,0.8,2.5,0.7,2.4,0.6,2.4,0.6,2.3,0.7,2.5,0.8,2.4,0.8
Adur,E07000223,6.9,2.2,6.8,2.3,5.4,2.1,6.0,2.3,6.2,2.4,6.4,2.4,6.8,2.5,6.8,2.6,6.0,2.3,5.6,2.0,5.0,1.8,5.0,1.7,5.1,1.7,5.2,1.7,4.9,1.6,4.1,1.4,4.1,1.4,3.9,1.3,4.2,1.3,5.0,1.6,4.4,1.6,4.0,1.6,3.4,1.3
Arun,E07000224,6.4,1.7,6.2,1.7,5.8,1.6,5.0,1.4,4.9,1.4,5.0,1.3,5.2,1.4,5.3,1.5,4.6,1.4,4.4,1.2,4.4,1.2,4.2,1.1,4.2,1.1,4.0,1.1,3.8,1.1,3.8,1.1,3.8,1.1,4.5,1.2,4.9,1.3,4.7,1.2,4.4,1.2,3.8,1.2,3.6,1.1
Chichester,E07000225,5.2,1.4,5.2,1.4,4.9,1.4,4.9,1.4,4.8,1.4,5.0,1.4,4.9,1.4,5.0,1.6,4.8,1.5,4.3,1.2,4.1,1.2,3.8,1.0,3.9,1.1,3.4,1.0,3.2,1.0,3.0,0.9,2.8,0.8,2.9,0.9,2.9,0.8,3.3,1.1,3.6,1.2,2.9,1.1,2.9,1.0
Crawley,E07000226,6.4,1.6,6.2,1.5,6.7,1.7,6.8,1.8,6.9,1.9,7.8,2.1,8.2,2.2,7.8,2.1,7.6,2.2,6.6,1.7,5.5,1.5,5.3,1.4,5.3,1.4,5.6,1.5,5.6,1.5,5.3,1.4,4.9,1.4,4.4,1.2,4.5,1.2,4.5,1.2,4.3,1.2,3.9,1.3,3.4,1.1
Horsham,E07000227,4.6,1.1,4.6,1.1,4.3,1.1,4.4,1.2,4.5,1.2,4.6,1.2,4.5,1.2,4.4,1.2,4.1,1.2,4.2,1.1,4.1,1.1,3.9,1.0,3.7,0.9,3.5,0.9,3.5,0.9,3.1,0.8,3.0,0.8,3.0,0.8,2.9,0.7,3.0,0.8,3.0,0.8,3.0,0.9,2.7,0.8
Mid Sussex,E07000228,3.8,0.9,3.6,0.9,3.8,1.0,3.7,1.0,3.5,1.0,3.2,0.9,3.3,0.9,3.2,0.9,2.9,0.9,3.0,0.8,2.9,0.8,2.8,0.7,2.9,0.7,2.9,0.8,2.7,0.7,2.7,0.7,2.6,0.7,2.5,0.6,2.7,0.6,2.7,0.6,2.7,0.7,2.6,0.8,2.3,0.7
Worthing,E07000229,6.1,1.6,6.0,1.6,5.9,1.7,6.1,1.8,6.5,1.9,6.9,2.0,6.5,1.9,5.8,1.8,6.3,2.0,5.7,1.7,5.2,1.6,5.5,1.6,4.7,1.4,4.5,1.4,4.1,1.2,4.2,1.3,4.4,1.2,4.4,1.2,4.5,1.2,4.1,1.1,4.0,1.1,3.8,1.2,3.5,1.1
Christchurch,E07000048,4.9,1.5,4.9,1.6,4.8,1.6,4.8,1.6,4.6,1.7,4.1,1.5,4.3,1.5,4.6,1.6,4.9,1.8,4.7,1.5,4.9,1.6,5.2,1.7,4.8,1.6,4.3,1.5,3.6,1.3,3.1,1.1,3.0,1.0,3.3,1.2,3.4,1.1,3.5,1.2,3.5,1.2,2.9,1.2,2.8,1.1
North Dorset,E07000050,3.9,1.0,4.1,1.1,4.1,1.2,3.9,1.2,3.8,1.2,3.6,1.1,3.4,1.1,3.5,1.1,3.3,1.1,3.2,0.9,3.4,1.0,3.2,0.9,3.2,0.9,2.9,0.9,2.8,0.9,2.8,0.9,2.9,0.9,3.0,0.9,2.8,0.8,2.8,0.8,2.6,0.8,2.4,0.9,2.5,0.9
Purbeck,E07000051,4.5,1.5,4.3,1.5,4.3,1.4,4.3,1.5,4.4,1.6,4.1,1.5,3.7,1.3,3.8,1.4,4.0,1.4,3.9,1.3,4.0,1.3,3.7,1.2,3.7,1.2,3.5,1.3,3.0,1.1,3.1,1.2,2.4,1.0,2.9,1.1,2.9,1.1,3.2,1.2,3.2,1.2,2.7,1.1,2.6,1.0
West Dorset,E07000052,4.1,1.0,4.0,1.0,3.6,1.0,3.0,0.9,3.0,0.9,3.1,1.0,2.8,0.8,3.3,1.0,3.2,1.0,2.8,0.8,3.0,0.8,3.1,0.8,3.1,0.8,3.2,0.9,2.9,0.9,2.7,0.8,2.6,0.8,3.0,0.8,2.9,0.8,3.2,0.8,3.2,0.9,2.9,1.0,2.8,0.9
Weymouth and Portland,E07000053,7.2,1.9,7.2,1.9,6.3,1.7,5.9,1.7,5.8,1.7,6.5,1.9,6.2,1.9,7.0,2.2,7.3,2.3,6.4,1.9,6.8,1.9,6.1,1.8,5.5,1.6,4.9,1.5,4.3,1.4,4.0,1.3,4.1,1.3,4.5,1.5,4.8,1.6,5.3,1.8,5.6,1.9,5.3,2.1,4.8,1.9
East Dorset,E07000049,4.1,1.0,4.0,1.0,4.1,1.1,4.0,1.1,3.8,1.1,3.5,1.0,3.0,0.9,3.4,1.1,3.5,1.1,3.3,0.9,3.3,0.9,3.1,0.8,2.9,0.8,3.0,0.9,2.8,0.8,2.7,0.8,2.7,0.8,2.9,0.8,3.1,0.8,3.3,0.9,3.2,0.9,2.9,0.9,2.7,0.8
Basingstoke and Deane,E07000084,5.2,1.2,5.1,1.2,5.4,1.3,5.4,1.4,5.0,1.3,5.4,1.4,5.5,1.3,5.4,1.4,5.0,1.4,4.6,1.2,4.1,1.0,3.9,1.0,3.8,0.9,3.6,0.9,3.7,0.9,3.5,0.9,3.7,0.9,3.7,0.9,3.7,0.9,3.6,0.8,3.2,0.8,3.0,0.9,2.7,0.8
Eastleigh,E07000086,5.5,1.3,5.7,1.5,5.4,1.4,5.0,1.4,4.7,1.3,4.9,1.4,4.9,1.4,5.0,1.5,4.7,1.5,3.8,1.1,3.3,1.0,3.0,0.9,3.1,0.9,3.2,0.9,3.3,0.9,3.2,0.9,3.0,0.9,3.1,0.9,3.1,0.9,3.3,0.9,3.2,0.9,3.1,1.0,3.1,0.9
Fareham,E07000087,4.0,1.2,4.5,1.3,4.3,1.2,4.5,1.3,4.6,1.4,4.1,1.3,4.2,1.3,4.5,1.4,4.3,1.4,3.8,1.2,3.6,1.1,3.2,1.0,3.2,1.0,3.2,1.0,3.2,1.0,3.0,1.0,3.4,1.0,3.5,1.1,3.7,1.0,3.5,1.0,3.3,1.0,3.0,1.0,3.0,0.9
Gosport,E07000088,6.2,1.9,6.1,1.9,6.6,2.1,6.4,2.1,7.1,2.2,7.6,2.5,7.8,2.5,8.1,2.7,7.1,2.6,6.7,2.2,5.7,1.9,5.3,1.8,5.1,1.7,5.0,1.7,4.7,1.6,4.9,1.7,4.7,1.6,4.5,1.6,4.1,1.4,4.2,1.4,4.3,1.5,4.2,1.6,4.0,1.5
Hart,E07000089,4.1,1.1,4.2,1.2,3.9,1.1,3.8,1.2,3.7,1.2,3.5,1.1,3.6,1.2,3.6,1.2,3.3,1.1,3.1,0.9,3.0,0.9,2.9,0.9,2.9,0.9,2.8,0.9,2.4,0.7,2.4,0.8,2.4,0.8,2.7,0.9,2.7,0.9,2.5,0.8,2.5,0.8,2.4,0.9,2.3,0.8
Havant,E07000090,7.6,2.0,7.7,2.1,7.9,2.3,7.7,2.3,7.6,2.2,7.7,2.2,7.3,2.0,7.3,2.2,7.0,2.2,6.6,1.9,6.5,1.9,6.4,1.7,6.0,1.6,5.7,1.6,5.8,1.7,5.4,1.5,5.5,1.6,5.5,1.6,5.1,1.4,5.0,1.5,4.4,1.4,4.3,1.5,4.0,1.3
New Forest,E07000091,5.1,1.2,5.1,1.2,4.7,1.2,4.4,1.2,4.8,1.3,4.8,1.3,4.9,1.3,5.1,1.4,4.4,1.3,3.9,1.0,3.7,1.0,3.5,0.9,3.4,0.9,3.6,1.0,3.7,1.0,3.5,0.9,3.4,0.9,3.3,0.9,3.3,0.8,3.3,0.8,3.3,0.9,2.8,0.9,2.6,0.8
East Hampshire,E07000085,4.8,1.2,5.0,1.3,5.1,1.3,4.6,1.3,4.4,1.3,4.8,1.3,4.6,1.3,4.4,1.3,4.3,1.4,4.3,1.2,4.1,1.2,3.9,1.1,3.7,1.0,3.3,1.0,3.2,0.9,3.4,0.9,3.3,0.9,3.2,0.9,3.3,0.9,3.3,0.9,3.4,1.0,3.3,1.1,3.1,1.0
Rushmoor,E07000092,6.3,1.6,5.9,1.6,5.8,1.6,6.0,1.7,6.7,2.0,7.0,2.1,7.9,2.3,7.5,2.2,6.6,2.1,5.9,1.7,5.1,1.5,4.9,1.4,4.7,1.3,4.5,1.3,4.3,1.2,3.7,1.1,3.5,1.0,3.3,1.0,3.0,0.9,3.1,0.9,3.2,1.0,3.2,1.1,3.0,1.0
Test Valley,E07000093,4.3,1.2,4.3,1.3,4.3,1.3,4.4,1.3,4.5,1.4,4.6,1.4,4.5,1.4,4.4,1.4,3.8,1.3,3.8,1.1,3.6,1.0,3.7,1.0,3.4,1.0,3.3,0.9,2.9,0.8,2.6,0.8,2.8,0.8,2.9,0.9,3.2,0.9,3.1,0.9,2.7,0.8,2.5,0.9,2.5,0.8
Winchester,E07000094,4.4,1.2,4.4,1.2,4.1,1.1,3.8,1.1,4.0,1.2,4.3,1.3,4.6,1.3,4.6,1.3,4.1,1.3,3.8,1.0,3.1,0.9,3.0,0.9,2.8,0.8,2.6,0.8,2.5,0.8,2.3,0.7,2.4,0.7,2.3,0.7,2.5,0.7,3.1,0.8,3.2,0.9,2.9,1.0,2.8,0.9
Wiltshire,E06000054,5.0,:,5.4,:,5.5,:,5.2,:,5.2,:,5.2,:,4.8,:,5.3,:,5.4,:,4.7,:,4.7,:,4.4,:,4.1,:,3.9,:,3.5,:,3.3,:,3.3,:,3.3,:,3.3,:,3.4,:,3.4,:,3.2,:,3.1,:
Bracknell Forest,E06000036,5.1,0.9,5.0,0.9,5.3,0.9,5.3,1.0,5.5,1.0,5.2,1.0,4.8,0.9,4.6,0.9,4.2,0.9,4.4,0.8,4.3,0.8,4.0,0.8,4.0,0.7,3.7,0.7,3.5,0.7,3.4,0.6,3.2,0.6,3.1,0.6,3.2,0.5,3.2,0.6,3.1,0.6,3.0,0.7,2.8,0.6
West Berkshire,E06000037,4.6,0.8,4.6,0.8,4.6,0.8,4.5,0.9,4.8,0.9,4.9,0.9,4.6,0.9,4.8,1.0,4.1,0.9,3.8,0.7,3.5,0.7,3.3,0.7,3.2,0.6,3.0,0.6,3.0,0.6,2.9,0.6,2.9,0.6,2.9,0.6,2.9,0.5,3.0,0.6,3.2,0.6,3.1,0.7,2.9,0.7
Reading,E06000038,6.8,1.1,6.4,1.1,6.0,1.0,5.9,1.1,6.0,1.1,6.5,1.1,6.6,1.1,6.3,1.2,5.8,1.1,5.8,1.0,5.8,1.0,5.5,1.0,5.5,0.9,5.3,1.0,5.1,0.9,5.2,0.9,5.2,0.9,5.2,0.9,5.0,0.8,4.8,0.8,4.5,0.9,4.0,0.9,3.8,0.9
Slough,E06000039,9.1,1.5,9.7,1.5,9.9,1.6,9.0,1.6,9.0,1.6,8.2,1.5,8.3,1.5,8.0,1.5,8.1,1.5,8.2,1.5,7.6,1.4,7.7,1.4,6.8,1.3,5.9,1.2,4.9,1.0,4.5,1.0,4.3,0.9,4.6,1.0,4.6,0.9,5.0,1.0,4.9,1.0,4.3,1.1,4.4,1.0
Windsor and Maidenhead,E06000040,4.5,0.8,4.5,0.8,4.5,0.9,4.4,0.9,4.5,0.9,4.3,0.9,4.5,0.9,4.7,0.9,4.1,0.9,4.2,0.8,3.9,0.8,3.6,0.7,3.6,0.7,3.5,0.7,3.4,0.7,3.5,0.7,3.5,0.7,3.5,0.7,3.4,0.6,3.3,0.6,3.4,0.6,3.3,0.7,3.0,0.6
Wokingham,E06000041,4.2,0.8,4.3,0.8,4.3,0.8,4.1,0.9,3.8,0.8,3.8,0.8,3.9,0.8,4.0,0.9,3.7,0.9,3.6,0.7,3.3,0.7,3.2,0.7,3.2,0.6,3.0,0.6,2.9,0.6,2.9,0.6,2.9,0.6,3.0,0.6,3.1,0.6,3.1,0.6,3.1,0.6,2.8,0.7,2.7,0.6
Aylesbury Vale,E07000004,5.8,1.2,5.8,1.3,5.7,1.3,5.6,1.3,5.8,1.3,5.8,1.3,5.8,1.3,5.4,1.3,4.7,1.2,4.3,1.0,4.1,1.0,3.9,0.9,3.8,0.9,3.7,0.9,3.7,0.9,3.5,0.8,3.4,0.8,3.3,0.8,3.2,0.7,3.3,0.7,3.4,0.8,3.3,1.0,3.0,0.8
South Bucks,E07000006,4.2,1.3,4.1,1.3,4.1,1.3,3.7,1.3,3.7,1.3,3.9,1.4,4.3,1.4,4.4,1.6,4.8,1.7,4.3,1.4,3.8,1.3,3.6,1.2,3.2,1.0,3.3,1.0,3.4,1.0,3.4,1.0,3.5,1.0,3.5,1.0,3.6,1.0,3.3,1.0,3.0,1.0,2.7,1.0,2.9,1.0
Chiltern,E07000005,3.9,1.1,4.0,1.1,4.2,1.1,4.3,1.2,4.6,1.3,4.8,1.4,4.9,1.4,4.5,1.3,4.1,1.3,4.1,1.1,3.9,1.0,3.8,1.0,3.6,1.0,3.6,1.0,3.2,0.9,3.0,0.8,3.1,0.8,2.7,0.8,3.0,0.8,2.9,0.8,2.8,0.8,3.1,1.0,2.9,0.9
Wycombe,E07000007,5.5,1.3,5.2,1.2,5.5,1.3,5.3,1.3,6.0,1.4,6.4,1.5,6.5,1.5,6.6,1.6,5.7,1.5,5.4,1.2,4.8,1.1,4.8,1.1,4.8,1.1,5.2,1.2,5.7,1.3,5.1,1.1,4.9,1.1,4.5,1.0,4.1,0.8,3.9,0.8,3.8,0.9,3.4,1.0,3.1,0.8
Corby,E07000150,8.5,2.5,8.2,2.4,8.0,2.3,7.6,2.3,7.7,2.5,8.3,2.7,9.6,3.1,10.7,3.5,9.5,3.2,9.0,2.7,8.6,2.6,7.6,2.3,7.4,2.1,6.1,1.9,5.5,1.8,5.8,1.8,5.5,1.8,5.6,1.9,5.0,1.6,4.3,1.4,4.4,1.6,4.2,1.7,4.7,1.8
Daventry,E07000151,6.0,1.7,5.6,1.8,6.1,1.9,6.6,2.3,5.9,2.1,5.6,1.9,5.6,1.9,5.3,1.8,5.0,1.8,5.0,1.7,4.3,1.5,3.9,1.3,3.4,1.2,3.4,1.3,3.5,1.3,3.4,1.2,3.1,1.1,2.8,1.0,3.2,1.0,3.4,1.0,3.6,1.1,3.7,1.3,4.5,1.5
East Northamptonshire,E07000152,5.5,1.5,6.0,1.6,6.3,1.7,6.7,2.1,6.3,2.0,6.5,2.0,6.4,2.0,6.5,2.0,6.7,2.2,5.2,1.6,4.6,1.4,3.8,1.1,3.4,1.0,3.4,1.1,3.4,1.0,3.5,1.1,3.5,1.1,3.2,1.1,2.9,0.9,3.0,1.0,3.4,1.1,3.6,1.3,3.7,1.2
Kettering,E07000153,6.4,1.9,6.6,1.9,7.1,2.0,7.2,2.2,7.0,2.1,6.9,2.1,7.0,2.2,6.5,2.1,6.0,2.1,5.9,1.8,5.5,1.7,5.6,1.7,5.4,1.6,5.5,1.6,5.4,1.6,5.2,1.5,4.7,1.4,3.8,1.2,3.6,1.0,3.8,1.1,3.9,1.2,4.4,1.5,4.5,1.5
Northampton,E07000154,8.1,1.7,7.7,1.7,8.2,1.8,7.7,1.8,7.4,1.8,7.8,1.9,8.4,2.0,8.6,2.1,8.2,2.1,7.6,1.7,6.7,1.5,6.1,1.4,5.8,1.3,5.5,1.3,5.3,1.3,5.0,1.2,4.5,1.1,4.1,1.1,4.0,0.9,4.2,1.0,4.2,1.1,4.5,1.3,4.5,1.2
South Northamptonshire,E07000155,4.8,1.3,4.7,1.3,4.3,1.2,4.3,1.3,3.7,1.2,3.0,1.0,3.0,1.0,2.9,1.0,2.8,1.0,2.9,0.9,2.7,0.8,2.5,0.8,2.3,0.7,2.4,0.8,2.4,0.8,2.3,0.8,2.4,0.8,2.2,0.7,2.2,0.7,2.2,0.7,2.3,0.7,2.4,0.9,2.6,0.9
Wellingborough,E07000156,7.5,2.0,7.4,2.1,8.7,2.5,8.4,2.6,8.4,2.7,9.8,3.0,9.4,2.8,9.1,2.8,8.7,2.8,7.9,2.4,6.8,2.0,6.0,1.8,5.4,1.5,4.9,1.5,4.9,1.4,4.9,1.4,4.6,1.4,4.2,1.3,4.0,1.2,4.8,1.4,5.2,1.6,5.4,1.8,5.1,1.6
Cherwell,E07000177,4.9,1.2,4.9,1.2,4.6,1.2,4.5,1.2,4.6,1.3,4.3,1.2,4.4,1.2,4.4,1.3,4.0,1.3,4.1,1.1,3.8,1.0,3.7,1.0,3.6,0.9,3.3,0.9,3.4,0.9,3.2,0.9,3.1,0.8,3.4,0.9,3.4,0.8,3.5,0.9,3.4,0.9,3.3,1.0,2.9,0.9
Oxford,E07000178,5.7,1.5,6.2,1.6,5.8,1.5,5.9,1.6,5.8,1.6,6.3,1.7,6.4,1.7,6.2,1.8,5.8,1.7,5.6,1.5,5.1,1.4,4.8,1.3,4.5,1.2,3.7,1.1,3.6,1.0,3.7,1.0,3.6,1.0,4.3,1.1,4.6,1.1,4.3,1.0,4.1,1.0,3.6,1.1,3.3,1.0
Vale of White Horse,E07000180,4.1,1.1,4.5,1.2,4.4,1.2,4.5,1.2,4.2,1.2,4.1,1.2,4.4,1.2,4.3,1.3,4.0,1.2,3.9,1.0,3.5,1.0,3.4,0.9,3.6,0.9,3.4,1.0,3.1,0.9,2.8,0.8,2.7,0.8,2.6,0.8,2.9,0.8,3.0,0.8,2.9,0.8,2.6,0.9,2.4,0.8
South Oxfordshire,E07000179,4.1,1.0,4.0,1.0,3.9,1.0,3.9,1.1,4.1,1.2,3.6,1.1,3.7,1.0,3.7,1.1,3.3,1.0,3.4,0.9,3.1,0.8,3.0,0.8,2.9,0.8,2.9,0.8,2.7,0.8,2.6,0.7,2.5,0.7,2.4,0.7,2.7,0.7,2.7,0.7,2.9,0.8,2.8,0.9,2.8,0.9
West Oxfordshire,E07000181,3.7,1.0,3.8,1.1,3.7,1.1,3.9,1.2,4.1,1.2,4.1,1.3,4.2,1.3,4.1,1.4,3.9,1.3,3.6,1.1,3.4,1.0,3.2,0.9,3.2,0.9,3.1,1.0,3.1,1.0,2.8,0.9,2.6,0.8,2.6,0.8,2.6,0.7,2.7,0.8,2.8,0.9,2.3,0.8,2.4,0.8
Cornwall,E06000052,6.4,:,6.4,:,6.4,:,6.4,:,5.9,:,6.3,:,6.0,:,6.1,:,6.0,:,5.3,:,5.4,:,5.2,:,5.2,:,4.8,:,4.2,:,4.2,:,4.0,:,4.3,:,4.4,:,4.3,:,4.1,:,3.7,:,3.4,:
East Devon,E07000040,5.3,1.4,5.4,1.4,4.8,1.3,4.5,1.3,3.9,1.2,3.7,1.2,3.4,1.1,3.6,1.2,3.7,1.2,3.3,1.0,3.6,1.1,3.5,1.0,3.5,1.0,3.2,1.0,2.6,0.9,2.5,0.8,2.4,0.8,3.0,0.9,3.1,0.8,3.3,0.9,3.5,1.0,3.2,1.1,3.1,0.9
Exeter,E07000041,6.0,1.6,6.6,1.7,6.3,1.7,5.8,1.7,6.0,1.8,5.6,1.7,5.5,1.6,6.0,1.8,5.7,1.8,5.8,1.7,5.6,1.5,5.3,1.4,5.2,1.4,4.5,1.3,4.1,1.2,4.1,1.2,3.9,1.1,4.3,1.2,4.7,1.2,4.6,1.3,5.3,1.6,5.7,1.9,4.6,1.4
North Devon,E07000043,5.3,1.5,5.0,1.4,4.9,1.4,4.9,1.5,4.4,1.5,4.9,1.6,4.3,1.4,5.1,1.7,5.3,1.8,4.3,1.3,5.2,1.5,4.7,1.4,4.6,1.3,4.0,1.2,3.4,1.1,2.8,0.9,2.6,0.8,3.2,1.0,3.3,1.0,3.6,1.1,3.7,1.3,3.2,1.2,2.7,1.0
Plymouth,E06000026,7.7,1.3,8.1,1.3,8.6,1.4,8.2,1.4,8.8,1.5,8.8,1.5,8.7,1.5,9.6,1.6,9.1,1.6,7.7,1.3,7.9,1.3,7.3,1.2,7.0,1.1,7.1,1.2,6.3,1.1,5.8,1.0,6.0,1.0,6.0,1.0,6.0,0.9,5.9,1.0,5.6,1.0,5.1,1.1,5.0,1.0
South Hams,E07000044,3.7,1.2,3.7,1.2,4.0,1.3,4.1,1.3,3.9,1.3,4.1,1.3,3.8,1.2,4.1,1.3,3.8,1.2,3.3,1.0,3.9,1.1,4.4,1.3,4.4,1.3,4.2,1.3,3.3,1.1,2.9,1.0,2.8,0.9,3.2,1.0,3.4,1.0,3.3,1.0,3.1,1.0,2.6,1.0,2.7,1.0
Teignbridge,E07000045,5.8,1.5,5.8,1.5,5.3,1.4,5.2,1.4,4.8,1.4,4.7,1.3,4.3,1.2,4.9,1.4,4.9,1.5,4.7,1.3,5.3,1.4,4.7,1.3,4.0,1.1,3.4,1.0,3.0,0.9,2.8,0.8,2.7,0.7,2.9,0.8,3.3,0.8,3.6,0.9,3.9,1.0,3.6,1.2,3.2,1.0
Mid Devon,E07000042,4.9,1.5,5.3,1.6,5.4,1.7,5.3,1.7,5.1,1.7,4.2,1.5,3.9,1.4,4.3,1.6,4.3,1.6,4.0,1.3,4.3,1.3,3.9,1.2,3.5,1.1,3.5,1.2,3.0,1.1,2.9,1.0,2.9,0.9,2.7,0.9,2.4,0.7,3.0,0.9,3.3,1.1,3.2,1.2,3.0,1.0
Torbay,E06000027,9.0,1.5,8.7,1.4,8.7,1.5,7.9,1.4,7.6,1.4,7.6,1.4,7.3,1.3,7.6,1.4,7.1,1.3,6.9,1.2,7.5,1.3,7.0,1.2,7.3,1.2,6.9,1.3,6.0,1.2,5.9,1.1,5.0,1.0,5.3,1.0,5.2,0.9,5.5,0.9,5.4,1.0,5.1,1.1,4.6,1.0
Torridge,E07000046,7.8,2.3,6.9,2.1,6.9,2.1,6.9,2.2,6.1,2.2,6.1,2.2,5.5,2.0,5.6,2.1,6.1,2.3,6.1,2.1,6.2,2.2,6.0,2.1,5.6,1.9,5.7,2.1,4.9,1.9,4.8,1.8,4.7,1.7,4.4,1.5,4.8,1.5,5.1,1.6,4.7,1.5,4.2,1.6,3.6,1.3
West Devon,E07000047,6.3,2.0,5.8,1.9,5.5,1.9,4.9,1.8,4.7,1.9,4.8,2.0,4.5,1.8,4.6,1.9,3.7,1.6,3.5,1.4,3.6,1.4,3.3,1.3,3.3,1.2,3.2,1.3,2.6,1.1,2.6,1.0,2.5,0.9,2.8,1.0,2.8,1.0,2.7,1.0,3.2,1.2,2.6,1.1,2.5,1.0
Cheltenham,E07000078,6.5,1.7,6.9,1.8,7.3,2.0,7.0,1.9,7.0,2.0,7.4,2.1,7.0,1.9,7.0,2.0,6.3,1.9,6.3,1.8,6.2,1.7,6.0,1.6,5.3,1.4,5.0,1.3,4.7,1.2,4.2,1.1,4.3,1.1,4.2,1.1,4.1,1.0,4.3,1.1,4.1,1.1,3.6,1.2,3.1,1.0
Cotswold,E07000079,3.9,1.2,3.9,1.2,4.0,1.3,4.1,1.4,4.3,1.5,4.1,1.4,3.8,1.2,4.0,1.4,3.8,1.3,3.4,1.1,3.3,1.0,3.1,0.9,3.0,0.9,2.8,0.9,2.6,0.8,2.7,0.8,2.7,0.8,2.9,0.9,2.6,0.8,2.6,0.8,2.5,0.8,2.6,0.9,2.7,0.9
Forest of Dean,E07000080,4.8,1.4,5.6,1.6,6.5,1.9,6.4,2.0,6.5,2.0,6.8,2.1,6.5,2.0,6.9,2.2,6.8,2.3,5.7,1.8,5.5,1.6,5.0,1.4,4.9,1.4,4.6,1.3,4.0,1.2,4.2,1.2,4.0,1.1,3.9,1.1,4.2,1.1,4.6,1.2,4.5,1.2,4.5,1.5,4.1,1.3
Gloucester,E07000081,7.4,1.9,7.7,1.9,8.2,2.1,7.4,2.0,7.1,2.0,7.6,2.2,7.5,2.1,7.5,2.2,7.6,2.3,7.1,2.0,7.1,1.8,7.0,1.7,7.5,1.9,7.4,1.9,6.9,1.8,6.1,1.6,5.1,1.3,4.5,1.2,4.2,1.1,4.7,1.2,4.5,1.2,4.3,1.3,4.1,1.2
Stroud,E07000082,4.6,1.2,4.7,1.2,4.7,1.3,4.1,1.2,4.2,1.3,4.1,1.2,4.3,1.2,4.6,1.4,4.6,1.5,4.2,1.3,4.4,1.2,4.1,1.1,3.7,1.0,3.7,1.0,3.3,0.9,3.2,0.9,3.0,0.8,3.0,0.8,2.9,0.8,2.8,0.7,2.8,0.8,2.6,0.9,2.6,0.8
Tewkesbury,E07000083,5.0,1.4,4.9,1.5,5.1,1.6,4.8,1.5,5.0,1.5,4.9,1.5,4.5,1.3,5.0,1.6,4.8,1.6,4.7,1.5,4.5,1.3,4.3,1.2,4.3,1.2,4.4,1.2,4.0,1.1,3.9,1.1,3.6,1.0,3.5,1.0,3.5,1.0,3.7,1.0,4.0,1.1,3.5,1.2,3.3,1.1
Mendip,E07000187,5.8,1.6,5.7,1.6,6.0,1.6,5.7,1.6,5.1,1.5,5.2,1.6,4.5,1.4,5.0,1.5,5.2,1.6,5.0,1.4,5.4,1.4,5.0,1.3,4.5,1.2,4.1,1.2,3.9,1.1,3.9,1.1,3.9,1.1,4.3,1.2,4.4,1.2,4.2,1.1,4.3,1.2,4.8,1.5,4.6,1.4
Sedgemoor,E07000188,6.9,1.7,7.1,1.9,6.6,1.8,6.4,1.8,6.5,1.9,5.7,1.7,5.8,1.7,6.3,1.9,6.2,1.9,5.9,1.6,6.3,1.7,5.8,1.5,5.6,1.4,6.1,1.6,5.7,1.5,5.2,1.4,4.7,1.3,4.7,1.3,4.6,1.2,4.9,1.3,5.0,1.4,5.5,1.8,4.8,1.5
Taunton Deane,E07000190,5.4,1.5,5.4,1.5,5.3,1.5,5.0,1.5,5.0,1.5,5.2,1.6,5.3,1.6,5.6,1.7,5.5,1.7,5.3,1.4,5.1,1.4,4.9,1.3,4.6,1.2,4.3,1.2,4.1,1.1,4.0,1.2,4.1,1.2,3.9,1.2,4.2,1.2,4.2,1.2,3.9,1.1,4.3,1.4,4.3,1.3
West Somerset,E07000191,5.3,2.4,5.1,2.6,5.0,2.5,5.0,2.5,4.9,2.7,4.4,2.2,4.5,2.2,4.8,2.5,5.1,2.8,5.6,2.7,6.0,2.6,5.5,2.4,5.0,2.2,3.9,2.0,3.0,1.7,2.9,1.4,3.0,1.4,3.1,1.5,3.1,1.5,3.0,1.4,3.1,1.3,3.5,1.5,3.6,1.6
South Somerset,E07000189,4.7,1.1,5.1,1.3,5.3,1.3,5.2,1.4,5.1,1.4,4.8,1.4,4.6,1.3,4.8,1.4,4.3,1.3,4.1,1.1,4.2,1.1,4.1,1.0,4.3,1.1,4.1,1.1,3.8,1.0,3.5,0.9,3.3,0.9,3.4,0.9,3.6,0.9,4.0,1.0,3.7,1.0,3.5,1.1,3.5,1.0
Bromsgrove,E07000234,6.2,1.7,6.3,1.8,5.6,1.6,5.5,1.7,5.2,1.6,5.1,1.5,5.1,1.6,5.1,1.6,4.8,1.6,4.2,1.3,3.9,1.1,3.9,1.1,3.7,1.0,4.0,1.2,4.0,1.2,3.8,1.1,4.0,1.1,3.8,1.1,3.8,1.0,3.6,1.0,3.4,1.0,3.1,1.0,3.0,0.9
"Herefordshire, County of",E06000019,5.7,1.0,5.7,1.0,5.9,1.1,5.7,1.1,5.4,1.1,5.5,1.1,5.5,1.0,5.4,1.1,5.4,1.1,5.0,0.9,4.5,0.8,4.0,0.8,3.6,0.7,3.4,0.7,3.3,0.6,3.2,0.6,3.3,0.6,3.3,0.7,3.5,0.6,3.6,0.7,3.8,0.8,3.6,0.8,3.4,0.8
Malvern Hills,E07000235,5.7,1.9,5.9,2.0,5.8,1.9,5.3,1.8,5.0,1.7,4.8,1.6,4.7,1.5,4.7,1.6,4.3,1.6,4.5,1.4,4.1,1.2,3.8,1.1,3.5,1.0,3.6,1.1,3.7,1.2,3.7,1.2,3.7,1.1,3.9,1.2,4.3,1.3,4.1,1.3,4.0,1.3,3.8,1.3,3.6,1.2
Redditch,E07000236,8.2,2.1,6.9,1.8,6.2,1.7,5.8,1.7,5.8,1.7,5.7,1.7,6.6,1.9,6.6,2.0,6.0,1.8,6.2,1.7,5.6,1.5,5.6,1.4,5.3,1.4,4.8,1.4,4.9,1.4,4.6,1.4,4.9,1.4,5.2,1.5,4.9,1.3,4.7,1.3,4.5,1.3,4.7,1.5,4.6,1.4
Worcester,E07000237,8.0,2.1,7.8,2.0,7.3,2.0,7.3,2.2,7.3,2.2,7.3,2.2,6.8,2.1,6.4,2.0,6.5,2.1,5.8,1.6,5.5,1.5,5.2,1.4,4.7,1.3,4.9,1.4,5.0,1.4,4.9,1.4,4.6,1.3,4.1,1.2,4.1,1.1,4.4,1.1,4.4,1.3,4.2,1.3,4.1,1.2
Wychavon,E07000238,5.1,1.3,5.0,1.3,5.3,1.4,5.2,1.4,5.2,1.5,5.2,1.5,5.2,1.5,4.7,1.4,4.6,1.4,4.5,1.2,4.0,1.1,3.8,1.0,3.2,0.8,3.2,0.9,3.0,0.9,2.9,0.8,3.1,0.9,2.9,0.8,3.2,0.8,3.1,0.8,3.0,0.9,3.1,1.0,3.2,1.0
Wyre Forest,E07000239,6.9,1.8,7.1,1.8,7.6,2.0,6.9,1.9,6.7,1.9,6.9,1.9,7.4,2.0,7.3,2.1,7.1,2.2,6.6,1.8,5.7,1.5,5.8,1.5,5.4,1.4,5.4,1.5,4.9,1.4,4.3,1.3,4.5,1.3,4.2,1.2,4.0,1.1,4.2,1.2,4.1,1.2,4.1,1.4,4.2,1.3
Shropshire,E06000051,6.2,:,6.2,:,6.2,:,5.9,:,5.7,:,5.6,:,5.8,:,5.6,:,5.4,:,5.0,:,4.6,:,4.5,:,4.2,:,4.2,:,4.0,:,3.6,:,3.4,:,3.3,:,3.3,:,3.3,:,3.4,:,3.3,:,3.4,:
Telford and Wrekin,E06000020,9.4,1.4,8.7,1.4,8.4,1.4,8.0,1.4,8.4,1.5,8.4,1.5,9.3,1.6,9.4,1.6,8.1,1.5,7.6,1.3,6.7,1.2,6.2,1.1,5.9,1.0,5.6,1.1,5.4,1.0,5.0,1.0,5.0,1.0,4.7,0.9,4.9,0.9,4.8,0.9,4.6,0.9,4.8,1.1,4.4,1.0
Cannock Chase,E07000192,9.3,2.3,9.3,2.4,8.9,2.4,8.2,2.3,7.6,2.3,6.8,2.1,7.3,2.3,7.1,2.5,6.1,2.3,6.1,2.0,5.4,1.7,5.2,1.6,4.9,1.5,4.3,1.4,4.2,1.4,3.6,1.2,4.0,1.2,4.1,1.3,3.7,1.1,4.0,1.1,3.8,1.2,4.3,1.5,4.4,1.4
East Staffordshire,E07000193,6.6,1.6,6.6,1.7,6.3,1.6,5.9,1.6,5.7,1.7,5.5,1.7,5.5,1.7,5.4,1.7,4.6,1.6,4.5,1.4,4.3,1.3,4.4,1.3,4.2,1.3,3.8,1.2,3.6,1.2,3.2,1.1,3.6,1.1,3.5,1.0,3.9,1.0,3.9,1.1,3.7,1.1,3.9,1.3,3.9,1.2
Lichfield,E07000194,6.3,1.7,6.5,1.7,6.7,1.9,5.7,1.7,5.0,1.5,4.8,1.5,5.1,1.5,5.2,1.6,5.1,1.7,4.9,1.4,4.5,1.3,4.4,1.3,3.8,1.1,3.6,1.2,3.2,1.1,2.9,1.0,2.7,0.9,2.7,0.9,2.9,0.9,2.7,0.8,2.9,0.9,2.9,1.0,2.8,1.0
Newcastle-under-Lyme,E07000195,8.3,2.2,7.8,2.0,7.1,1.9,6.9,2.0,6.6,2.0,6.4,1.9,6.1,1.9,6.3,2.0,6.1,1.9,6.2,1.7,5.8,1.6,5.6,1.5,5.0,1.4,4.4,1.4,4.2,1.3,3.9,1.2,4.1,1.2,4.2,1.2,4.2,1.1,4.0,1.1,3.7,1.1,4.1,1.4,3.9,1.2
South Staffordshire,E07000196,6.4,1.6,6.3,1.6,6.4,1.7,6.0,1.6,5.8,1.7,5.9,1.7,6.3,1.8,6.3,1.8,5.8,1.8,5.3,1.5,4.8,1.4,4.5,1.3,4.5,1.3,4.6,1.4,4.3,1.3,4.1,1.2,3.8,1.1,3.6,1.1,3.6,1.0,3.4,1.0,3.5,1.0,3.4,1.2,3.5,1.2
Stafford,E07000197,5.2,1.3,5.1,1.3,5.0,1.3,4.4,1.2,4.4,1.3,4.3,1.3,4.5,1.3,4.4,1.4,4.5,1.4,4.4,1.3,4.2,1.2,4.4,1.2,4.0,1.1,3.9,1.1,4.0,1.1,3.6,1.0,3.4,0.9,3.4,0.9,3.3,0.9,3.2,0.8,3.7,1.0,3.6,1.2,3.6,1.1
Staffordshire Moorlands,E07000198,5.7,1.5,5.3,1.5,5.4,1.5,5.3,1.7,5.5,1.8,5.7,1.9,5.7,1.8,6.1,2.0,4.7,1.7,4.7,1.5,4.2,1.4,3.7,1.2,3.4,1.1,3.3,1.1,3.2,1.1,2.7,1.0,2.9,0.9,2.9,0.9,2.9,0.9,2.7,0.8,2.9,0.9,3.1,1.1,3.0,1.0
Tamworth,E07000199,10.0,2.9,10.0,2.9,9.8,2.8,8.7,2.6,8.2,2.6,7.0,2.3,7.1,2.4,7.0,2.6,5.5,2.1,5.4,2.0,4.6,1.8,4.8,1.7,4.3,1.6,3.8,1.4,3.4,1.2,2.8,1.0,2.8,1.0,2.8,1.1,3.1,1.1,3.4,1.2,3.5,1.1,3.7,1.3,3.5,1.2
North Warwickshire,E07000218,6.0,2.0,6.4,2.1,6.5,2.2,6.5,2.4,6.5,2.5,6.5,2.5,6.2,2.3,6.1,2.4,5.4,2.2,5.0,1.7,4.7,1.7,4.4,1.6,3.7,1.3,3.4,1.3,3.4,1.2,3.2,1.2,3.6,1.3,3.4,1.3,3.4,1.3,3.5,1.2,3.4,1.2,3.2,1.2,3.2,1.1
Nuneaton and Bedworth,E07000219,9.4,2.3,8.1,2.1,8.5,2.1,8.0,2.1,7.8,2.2,7.3,2.1,6.9,2.0,7.2,2.2,6.7,2.0,7.0,1.8,6.7,1.8,6.9,1.7,6.4,1.6,5.6,1.6,5.7,1.5,5.0,1.4,5.2,1.4,5.5,1.4,5.8,1.4,5.4,1.4,5.4,1.5,5.3,1.7,4.8,1.4
Rugby,E07000220,7.2,1.9,6.5,1.8,5.7,1.6,4.9,1.4,4.4,1.3,4.4,1.3,4.7,1.4,4.8,1.6,5.0,1.7,4.8,1.5,4.4,1.3,4.3,1.2,3.9,1.0,3.9,1.1,3.8,1.1,3.4,1.0,3.3,0.9,3.2,0.9,3.4,0.9,3.6,0.9,3.8,1.0,4.1,1.3,4.1,1.2
Stratford-on-Avon,E07000221,4.8,1.2,4.8,1.2,4.6,1.2,4.7,1.3,3.9,1.1,3.7,1.1,3.8,1.1,3.5,1.1,3.2,1.0,3.0,0.9,2.8,0.8,2.7,0.7,2.4,0.7,2.4,0.7,2.2,0.6,2.0,0.6,2.0,0.6,2.0,0.6,2.3,0.6,2.2,0.6,2.4,0.7,2.7,0.9,2.8,0.9
Warwick,E07000222,5.6,1.3,5.3,1.2,5.1,1.2,5.1,1.3,4.9,1.3,4.8,1.3,5.0,1.3,5.1,1.4,4.6,1.4,4.6,1.2,4.1,1.0,3.7,0.9,3.4,0.8,3.0,0.8,2.9,0.8,2.6,0.7,2.7,0.7,2.6,0.7,2.9,0.7,2.9,0.7,3.1,0.8,3.0,1.0,3.0,0.9
Cheshire East,E06000049,5.7,:,5.9,:,6.1,:,6.2,:,5.8,:,5.9,:,5.6,:,5.4,:,5.5,:,5.0,:,5.1,:,4.5,:,4.2,:,4.0,:,3.7,:,3.8,:,3.5,:,3.2,:,3.3,:,3.3,:,3.6,:,3.5,:,3.4,:
Cheshire West and Chester,E06000050,6.7,:,7.3,:,7.4,:,7.5,:,7.0,:,6.8,:,6.2,:,6.1,:,6.0,:,5.7,:,5.5,:,5.3,:,5.0,:,4.4,:,4.3,:,4.3,:,4.1,:,4.0,:,4.1,:,3.9,:,4.0,:,4.0,:,3.9,:
Halton,E06000006,9.9,1.5,10.3,1.6,10.8,1.6,10.8,1.7,10.0,1.6,10.0,1.6,9.6,1.6,9.7,1.7,9.3,1.6,8.5,1.4,7.9,1.3,7.3,1.2,7.1,1.2,6.3,1.2,5.8,1.1,5.6,1.0,5.4,1.0,5.0,0.9,5.2,0.9,5.1,0.9,5.1,1.0,5.2,1.1,5.3,1.1
Warrington,E06000007,6.8,1.1,7.1,1.2,7.2,1.2,6.7,1.2,6.5,1.2,6.8,1.3,6.6,1.3,6.5,1.3,6.3,1.3,5.8,1.1,5.7,1.0,5.2,1.0,5.0,0.9,5.0,1.0,5.0,1.0,4.8,0.9,4.6,0.9,4.0,0.8,3.9,0.7,4.0,0.7,4.0,0.8,3.7,0.9,3.9,0.8
Blackburn with Darwen,E06000008,9.2,1.4,9.6,1.5,9.8,1.5,10.2,1.6,9.8,1.6,9.3,1.6,9.0,1.6,8.3,1.5,8.7,1.6,8.4,1.4,8.6,1.4,8.4,1.4,8.1,1.3,7.6,1.3,7.1,1.3,7.4,1.3,7.3,1.2,7.3,1.2,7.3,1.1,6.5,1.1,6.3,1.1,6.0,1.3,5.9,1.2
Blackpool,E06000009,10.5,1.5,10.5,1.5,10.6,1.6,10.2,1.6,9.8,1.6,9.8,1.7,9.3,1.6,9.8,1.7,9.3,1.7,9.7,1.6,9.8,1.6,8.7,1.5,8.6,1.5,7.8,1.5,7.6,1.4,7.0,1.3,6.3,1.2,6.2,1.2,6.3,1.1,6.6,1.2,6.6,1.2,6.7,1.4,5.9,1.2
Burnley,E07000117,8.0,2.2,8.9,2.5,8.3,2.4,8.6,2.7,9.0,2.9,8.9,2.9,9.5,3.2,9.6,3.3,9.7,3.3,9.9,3.1,10.1,3.1,9.2,2.6,9.1,2.5,8.1,2.4,7.0,2.0,6.7,1.9,5.8,1.7,5.5,1.7,6.0,1.6,5.6,1.6,5.8,1.7,5.6,1.8,5.2,1.6
Chorley,E07000118,5.5,1.4,5.9,1.5,5.8,1.5,5.9,1.6,5.9,1.6,5.2,1.5,5.3,1.5,5.3,1.6,5.2,1.6,4.9,1.3,4.7,1.2,4.4,1.1,4.0,1.1,4.0,1.1,3.8,1.1,3.5,1.0,3.4,1.0,3.0,0.9,3.4,1.0,3.8,1.1,4.2,1.2,4.3,1.5,3.8,1.3
Fylde,E07000119,4.6,1.4,4.9,1.5,5.3,1.7,5.9,2.0,5.3,1.8,5.1,1.7,4.2,1.4,4.5,1.7,4.7,1.8,4.7,1.6,5.0,1.7,4.7,1.4,4.2,1.3,3.9,1.2,3.6,1.2,3.3,1.1,3.1,1.0,3.5,1.1,3.8,1.2,3.5,1.1,3.9,1.3,3.5,1.3,3.1,1.1
Hyndburn,E07000120,7.6,2.1,7.3,2.1,7.4,2.1,7.2,2.2,7.5,2.3,7.6,2.3,7.7,2.5,7.1,2.5,7.5,2.7,8.1,2.6,8.1,2.4,7.9,2.3,7.8,2.2,6.6,2.0,6.1,1.9,6.9,2.1,5.9,1.9,5.9,1.9,5.7,1.8,5.2,1.6,5.1,1.6,5.1,1.8,5.1,1.7
Lancaster,E07000121,6.3,1.7,6.9,1.8,7.0,1.9,7.8,2.1,7.5,2.1,7.6,2.1,7.0,2.0,6.4,1.9,6.1,1.9,6.4,1.7,6.8,1.7,6.6,1.6,6.4,1.6,5.3,1.5,4.8,1.4,4.9,1.3,4.9,1.3,5.2,1.4,5.0,1.3,4.5,1.2,4.6,1.3,4.5,1.4,4.7,1.4
Pendle,E07000122,7.0,2.1,8.7,2.5,8.7,2.6,9.4,2.8,8.4,2.6,8.3,2.7,8.2,2.6,7.5,2.5,8.2,2.7,8.0,2.4,8.4,2.4,8.6,2.5,7.3,2.1,6.0,1.8,5.3,1.7,5.5,1.7,5.3,1.6,5.3,1.6,5.2,1.6,4.6,1.5,4.5,1.4,4.7,1.6,4.4,1.4
Preston,E07000123,8.3,1.8,8.8,2.0,9.1,2.1,8.3,2.1,8.5,2.2,8.2,2.1,7.4,2.0,6.9,1.9,6.8,1.9,7.3,1.8,7.3,1.8,7.3,1.8,6.9,1.7,6.4,1.6,5.7,1.4,5.8,1.5,5.8,1.5,5.8,1.5,5.7,1.4,5.5,1.4,5.6,1.4,5.7,1.7,5.2,1.4
Ribble Valley,E07000124,3.5,1.2,3.6,1.2,3.8,1.3,4.1,1.5,4.0,1.5,3.6,1.5,3.5,1.5,3.4,1.5,4.2,1.7,4.1,1.5,4.2,1.6,4.2,1.5,3.6,1.3,3.1,1.2,3.1,1.2,2.9,1.1,2.5,0.9,2.7,1.1,2.6,1.0,2.5,1.0,2.7,1.1,2.3,1.0,2.5,1.0
Rossendale,E07000125,8.9,2.7,8.9,2.7,8.2,2.4,7.4,2.3,6.5,2.1,5.2,1.8,5.9,2.1,6.7,2.4,6.9,2.6,7.6,2.7,7.7,2.6,6.9,2.2,6.4,2.1,5.4,1.8,4.5,1.5,4.9,1.7,5.0,1.6,5.0,1.7,4.9,1.6,5.0,1.6,5.0,1.6,5.0,1.8,4.6,1.6
South Ribble,E07000126,5.6,1.4,5.9,1.5,5.6,1.5,5.6,1.6,5.6,1.7,5.2,1.6,5.0,1.5,4.6,1.5,5.0,1.7,5.3,1.5,5.6,1.6,4.9,1.3,4.6,1.2,4.4,1.3,4.5,1.3,4.5,1.3,4.0,1.1,3.4,1.0,3.1,0.9,3.3,1.0,3.5,1.0,3.6,1.2,3.5,1.1
West Lancashire,E07000127,7.0,1.8,7.7,2.0,8.0,2.1,8.2,2.2,7.7,2.1,7.1,2.0,6.9,1.9,6.1,1.8,6.3,1.9,6.9,1.8,6.8,1.8,6.4,1.7,5.6,1.5,5.1,1.5,5.0,1.4,5.4,1.6,5.1,1.5,4.5,1.4,4.4,1.2,4.3,1.2,4.6,1.3,4.7,1.5,4.2,1.3
Wyre,E07000128,6.1,1.6,6.7,1.8,6.3,1.7,6.3,1.8,6.4,1.9,6.6,1.9,5.9,1.8,5.9,1.9,5.4,1.8,4.7,1.4,5.1,1.5,4.6,1.3,4.2,1.1,4.0,1.2,3.8,1.2,3.8,1.2,3.6,1.1,4.1,1.3,4.0,1.1,4.0,1.2,4.4,1.3,4.2,1.4,4.1,1.4
Barking and Dagenham,E09000002,13.0,2.2,12.6,2.2,12.3,2.2,12.7,2.4,13.5,2.5,13.5,2.4,14.8,2.6,14.7,2.7,13.6,2.6,12.8,2.3,11.3,2.1,10.3,2.0,10.7,2.0,10.4,2.1,10.3,2.1,10.5,2.1,9.8,1.9,9.0,1.8,8.8,1.7,7.8,1.6,6.9,1.5,7.7,1.8,7.2,1.7
Barnet,E09000003,8.0,1.5,9.0,1.7,8.9,1.7,9.3,1.9,8.9,1.8,7.4,1.6,7.1,1.5,6.7,1.6,6.5,1.6,6.8,1.4,6.6,1.4,6.6,1.4,6.4,1.3,6.1,1.3,6.5,1.4,6.2,1.3,5.8,1.2,5.6,1.2,5.2,1.0,5.2,1.1,4.9,1.1,5.0,1.3,4.9,1.2
Bexley,E09000004,8.0,1.6,7.8,1.6,8.0,1.7,8.1,1.8,7.7,1.8,7.8,1.8,8.3,1.8,8.2,1.9,8.1,1.9,7.7,1.7,6.4,1.5,5.7,1.3,5.7,1.3,5.9,1.4,6.7,1.5,6.4,1.4,6.1,1.4,5.3,1.2,5.0,1.1,4.7,1.1,4.2,1.0,4.7,1.3,4.6,1.2
Brent,E09000005,10.8,2.1,10.6,2.0,10.5,2.0,10.0,2.0,10.3,2.0,10.5,2.0,10.6,2.0,10.8,2.1,9.9,1.9,9.2,1.7,8.7,1.6,8.0,1.5,7.4,1.4,7.1,1.4,6.4,1.3,6.5,1.3,7.1,1.4,7.4,1.5,7.9,1.4,7.9,1.5,7.1,1.5,7.2,1.7,6.4,1.5
Bromley,E09000006,6.9,1.4,6.8,1.4,6.6,1.4,6.6,1.4,6.6,1.5,6.6,1.5,6.6,1.5,6.3,1.4,6.1,1.4,5.9,1.2,5.4,1.1,5.4,1.1,5.5,1.1,5.3,1.2,5.3,1.1,5.1,1.1,5.0,1.1,5.2,1.1,5.0,1.0,4.6,1.0,4.1,1.0,3.9,1.1,4.0,1.0
Camden,E09000007,8.8,1.7,9.2,1.8,8.4,1.7,7.6,1.7,7.7,1.7,7.9,1.7,8.7,1.8,8.9,1.9,7.6,1.8,7.5,1.6,6.6,1.4,6.4,1.4,6.7,1.4,6.3,1.4,6.2,1.3,6.3,1.4,5.5,1.2,5.6,1.3,5.7,1.2,5.3,1.2,5.8,1.3,5.8,1.5,5.2,1.3
Croydon,E09000008,10.8,1.9,11.0,1.9,10.6,1.9,10.2,1.9,10.4,2.0,10.1,2.0,9.7,2.0,8.9,1.9,8.7,1.8,8.8,1.7,8.0,1.6,8.0,1.5,7.2,1.4,6.5,1.4,6.3,1.3,5.7,1.2,5.3,1.1,5.5,1.2,5.3,1.0,5.8,1.1,5.5,1.2,6.3,1.5,6.3,1.4
Ealing,E09000009,10.0,1.8,10.7,1.9,10.6,1.9,11.5,2.1,10.8,2.0,11.0,2.0,10.7,2.1,9.5,2.0,10.2,2.1,9.7,1.9,9.3,1.8,8.8,1.7,7.8,1.5,7.1,1.5,6.9,1.4,6.7,1.4,6.1,1.3,6.5,1.3,6.5,1.2,6.3,1.2,5.7,1.2,5.2,1.3,5.2,1.3
Enfield,E09000010,12.0,2.0,12.6,2.1,12.8,2.3,12.5,2.3,11.4,2.2,10.6,2.1,10.6,2.1,9.5,2.0,9.4,2.0,9.4,1.9,8.7,1.7,8.3,1.6,8.2,1.6,7.4,1.6,6.9,1.4,6.6,1.4,5.9,1.3,6.1,1.3,6.3,1.3,6.3,1.3,6.1,1.3,6.3,1.6,6.2,1.5
Greenwich,E09000011,10.8,1.8,11.2,1.9,12.0,2.1,11.1,2.1,10.7,2.0,10.9,2.1,10.3,2.1,10.4,2.2,10.4,2.3,10.5,2.1,9.9,1.9,9.6,1.9,8.9,1.7,8.3,1.7,8.0,1.6,7.3,1.5,6.8,1.4,6.7,1.4,6.5,1.3,6.8,1.4,6.2,1.4,6.3,1.6,6.1,1.4
Hackney,E09000012,10.7,1.9,10.4,1.8,10.3,1.9,9.9,1.9,10.7,2.1,10.9,2.2,11.5,2.2,11.6,2.3,10.9,2.2,10.7,2.0,9.1,1.7,8.8,1.7,8.0,1.5,7.7,1.6,7.2,1.5,6.9,1.5,6.8,1.4,6.9,1.4,8.0,1.5,7.6,1.5,7.2,1.6,6.4,1.6,5.6,1.4
Hammersmith and Fulham,E09000013,8.1,1.5,8.6,1.7,8.6,1.7,8.1,1.7,8.6,1.8,8.6,1.7,8.9,1.8,8.9,1.8,8.0,1.7,7.4,1.5,6.5,1.4,5.9,1.3,6.3,1.3,6.0,1.3,5.9,1.3,6.4,1.4,6.1,1.3,5.8,1.3,6.1,1.2,5.8,1.3,5.8,1.3,5.9,1.5,5.9,1.5
Haringey,E09000014,11.5,2.1,11.5,2.1,10.9,2.1,10.1,2.1,10.3,2.1,9.9,2.1,10.0,2.0,10.4,2.1,9.5,1.9,9.5,1.8,8.8,1.7,8.4,1.6,8.0,1.6,7.7,1.6,7.0,1.5,6.5,1.4,6.7,1.4,7.0,1.4,7.1,1.3,6.9,1.3,6.2,1.4,5.4,1.4,6.2,1.5
Harrow,E09000015,7.0,1.3,7.0,1.3,6.9,1.3,7.2,1.5,7.8,1.6,7.6,1.5,7.6,1.5,7.5,1.6,8.0,1.7,7.4,1.5,6.9,1.4,6.2,1.2,5.5,1.1,5.0,1.1,4.7,1.0,4.7,1.0,4.6,1.0,4.7,1.0,4.7,1.0,4.9,1.0,4.8,1.1,5.0,1.3,4.5,1.1
Havering,E09000016,8.2,1.6,8.5,1.7,9.0,1.9,9.5,2.1,9.4,2.1,9.8,2.2,9.8,2.1,9.2,2.1,8.9,2.1,7.8,1.7,6.5,1.5,6.1,1.3,6.3,1.3,6.6,1.5,6.9,1.5,6.4,1.4,6.1,1.4,5.4,1.2,5.3,1.2,5.2,1.2,4.4,1.1,4.9,1.3,4.8,1.2
Hillingdon,E09000017,7.8,1.5,8.3,1.6,8.2,1.6,8.4,1.8,8.2,1.8,7.9,1.8,8.6,1.8,8.0,1.8,7.6,1.8,7.4,1.5,6.4,1.3,6.5,1.3,6.2,1.2,6.0,1.3,5.9,1.3,5.8,1.2,5.8,1.2,5.4,1.2,5.4,1.1,4.7,1.0,4.4,1.0,4.9,1.3,4.8,1.2
Hounslow,E09000018,7.9,1.4,8.3,1.5,8.1,1.5,7.5,1.5,7.5,1.6,7.6,1.6,7.2,1.5,7.2,1.6,7.3,1.7,7.1,1.5,6.2,1.3,6.3,1.3,6.0,1.2,5.5,1.2,5.9,1.2,5.3,1.1,5.1,1.1,5.2,1.1,5.0,1.0,5.5,1.2,5.4,1.2,6.7,1.7,6.1,1.5
Islington,E09000019,9.5,1.7,9.9,1.8,10.1,1.9,8.9,1.9,9.6,2.0,10.4,2.1,11.1,2.2,10.7,2.2,9.8,2.1,8.9,1.8,7.7,1.6,7.1,1.5,7.7,1.6,7.4,1.6,7.1,1.5,7.5,1.6,6.5,1.4,6.2,1.4,6.5,1.3,6.5,1.4,6.8,1.5,7.0,1.7,6.1,1.5
Kensington and Chelsea,E09000020,7.3,1.4,7.2,1.4,6.9,1.4,6.6,1.4,6.4,1.4,6.5,1.4,7.1,1.5,6.8,1.5,7.0,1.6,7.1,1.5,6.2,1.3,6.0,1.3,5.8,1.2,5.4,1.2,5.4,1.2,5.8,1.2,5.1,1.1,4.7,1.0,5.1,1.1,5.2,1.1,5.8,1.3,6.8,1.7,6.1,1.5
Kingston upon Thames,E09000021,6.6,1.4,6.5,1.4,6.2,1.3,6.5,1.5,6.2,1.4,6.2,1.5,5.7,1.3,5.5,1.3,5.6,1.4,5.5,1.2,5.3,1.2,5.3,1.1,5.3,1.1,4.8,1.1,5.0,1.1,4.8,1.1,4.9,1.1,5.2,1.2,5.3,1.1,5.0,1.1,4.4,1.1,4.7,1.3,4.3,1.1
Lambeth,E09000022,10.4,1.8,10.4,1.9,9.8,1.8,9.1,1.9,10.0,2.1,9.0,2.0,8.5,1.9,9.2,2.0,8.6,1.9,8.7,1.7,7.8,1.6,7.2,1.5,6.6,1.4,6.6,1.5,6.6,1.4,5.9,1.3,6.1,1.4,6.3,1.4,6.5,1.3,6.9,1.4,6.0,1.4,5.4,1.5,5.0,1.3
Lewisham,E09000023,10.4,1.9,10.4,1.9,10.7,2.0,9.8,2.0,10.5,2.1,10.5,2.2,10.6,2.1,10.7,2.2,9.9,2.0,8.8,1.7,7.8,1.5,7.3,1.4,6.6,1.3,6.4,1.4,6.2,1.4,5.7,1.3,6.2,1.4,6.8,1.4,7.5,1.5,7.5,1.5,6.5,1.5,5.7,1.5,5.3,1.4
Merton,E09000024,7.8,1.4,7.9,1.4,7.6,1.4,7.6,1.5,7.3,1.5,6.9,1.4,6.5,1.4,5.9,1.4,6.0,1.4,6.5,1.4,6.3,1.3,6.2,1.3,6.1,1.2,5.5,1.2,5.4,1.2,5.4,1.2,4.8,1.0,4.9,1.1,4.9,1.0,4.8,1.0,4.7,1.1,4.6,1.2,4.6,1.2
Newham,E09000025,14.2,2.3,13.9,2.3,13.7,2.4,13.1,2.4,12.6,2.3,12.3,2.3,11.8,2.2,11.5,2.2,11.7,2.2,11.1,2.0,11.1,2.0,10.2,1.9,9.1,1.8,9.0,1.8,7.8,1.6,7.2,1.5,7.6,1.5,7.4,1.5,7.6,1.4,7.1,1.4,6.2,1.4,5.9,1.5,5.8,1.5
Redbridge,E09000026,10.5,1.8,10.3,1.8,10.0,1.8,9.7,1.8,9.4,1.8,9.2,1.8,8.4,1.7,8.8,1.8,9.2,1.9,8.4,1.6,7.9,1.5,7.3,1.4,6.8,1.3,6.9,1.4,7.1,1.4,6.5,1.3,6.0,1.3,5.7,1.2,5.5,1.1,5.6,1.1,5.1,1.1,5.3,1.3,5.0,1.2
Richmond upon Thames,E09000027,4.8,1.1,5.0,1.1,4.4,1.0,4.5,1.1,4.6,1.1,4.1,1.0,4.5,1.1,4.1,1.1,4.3,1.1,4.6,1.0,4.2,1.0,4.5,1.0,4.5,1.0,4.4,1.0,4.6,1.1,4.5,1.0,4.4,1.0,4.6,1.0,4.5,1.0,3.9,0.9,3.8,0.9,4.3,1.2,4.0,1.0
Southwark,E09000028,11.7,2.0,11.3,2.0,10.7,1.9,9.7,1.9,10.0,2.0,9.4,2.0,9.9,2.0,10.8,2.2,11.0,2.2,11.0,1.9,10.0,1.8,8.7,1.6,8.0,1.5,7.8,1.5,7.4,1.5,7.1,1.5,6.8,1.4,6.9,1.4,6.7,1.3,6.9,1.3,6.5,1.4,6.6,1.6,6.5,1.5
Sutton,E09000029,7.0,1.4,7.4,1.5,7.2,1.5,6.8,1.5,6.7,1.5,6.4,1.5,6.7,1.6,6.9,1.7,6.4,1.6,6.2,1.4,5.1,1.2,5.1,1.2,5.3,1.2,5.1,1.2,5.3,1.3,5.1,1.2,5.0,1.2,5.0,1.2,4.8,1.1,5.0,1.1,4.4,1.1,4.9,1.3,4.8,1.2
Tower Hamlets,E09000030,13.0,2.2,13.0,2.2,12.7,2.2,12.4,2.2,12.2,2.3,13.1,2.3,13.6,2.4,12.9,2.3,13.1,2.4,11.4,2.1,9.6,1.9,8.6,1.7,8.7,1.7,8.7,1.7,8.7,1.7,9.1,1.8,7.6,1.6,6.8,1.5,7.2,1.5,6.9,1.5,7.9,1.7,9.1,2.2,8.2,2.0
Waltham Forest,E09000031,11.5,1.9,11.3,1.9,11.5,2.0,10.6,2.0,10.8,2.1,11.2,2.1,10.5,2.0,10.3,2.1,9.4,2.0,9.7,1.9,9.8,1.9,9.3,1.8,9.2,1.8,8.2,1.8,7.5,1.6,7.3,1.6,6.5,1.5,6.4,1.5,6.4,1.4,6.4,1.4,5.9,1.3,5.9,1.5,5.8,1.4
Wandsworth,E09000032,6.5,1.3,6.5,1.3,6.6,1.4,6.6,1.5,6.6,1.5,7.2,1.6,7.5,1.6,7.5,1.7,7.5,1.8,6.4,1.4,5.3,1.2,4.9,1.1,5.0,1.1,5.0,1.1,5.0,1.1,5.7,1.2,5.0,1.1,4.8,1.1,4.9,1.0,4.2,1.0,4.7,1.1,4.6,1.3,4.5,1.2
Westminster,E09000033,7.8,1.5,8.0,1.6,7.8,1.5,7.2,1.5,7.3,1.5,7.7,1.6,7.7,1.6,7.2,1.5,6.6,1.5,6.0,1.3,5.4,1.2,5.4,1.2,6.0,1.2,6.3,1.3,6.5,1.4,7.1,1.5,6.2,1.3,5.7,1.3,5.8,1.2,5.7,1.2,5.9,1.3,5.9,1.5,5.8,1.4
Bolton,E08000001,8.9,1.4,9.4,1.5,9.6,1.5,9.7,1.6,9.3,1.6,9.7,1.6,9.3,1.5,9.6,1.6,9.9,1.7,9.1,1.5,9.1,1.4,8.0,1.3,7.3,1.2,6.8,1.2,6.3,1.2,6.7,1.2,6.6,1.2,6.5,1.2,6.5,1.1,6.2,1.1,6.0,1.1,5.4,1.2,5.5,1.1
Bury,E08000002,7.6,1.2,8.3,1.3,8.4,1.4,8.7,1.5,8.7,1.5,7.9,1.4,7.9,1.4,7.0,1.4,7.0,1.4,6.9,1.3,6.7,1.2,6.3,1.2,6.3,1.2,6.0,1.2,6.2,1.2,6.4,1.2,5.7,1.1,5.4,1.1,5.1,0.9,5.2,0.9,5.1,1.0,5.2,1.2,4.7,1.0
Manchester,E08000003,11.6,1.5,12.3,1.6,12.9,1.7,12.9,1.7,12.8,1.8,12.4,1.8,12.0,1.7,10.6,1.7,10.5,1.7,10.1,1.5,10.1,1.5,9.6,1.4,9.4,1.4,8.9,1.4,7.9,1.3,8.3,1.3,7.6,1.2,7.3,1.2,7.6,1.1,7.2,1.1,7.5,1.2,7.6,1.4,6.6,1.2
Oldham,E08000004,10.0,1.4,10.3,1.5,10.7,1.6,10.5,1.6,10.3,1.7,10.2,1.7,9.8,1.6,9.0,1.6,9.1,1.6,9.1,1.5,9.6,1.5,9.3,1.5,9.0,1.4,8.7,1.5,7.9,1.4,8.1,1.4,7.3,1.3,7.1,1.2,6.7,1.1,6.4,1.1,6.4,1.2,6.6,1.4,6.2,1.2
Rochdale,E08000005,10.8,1.5,11.6,1.6,11.0,1.6,10.6,1.7,10.5,1.7,10.0,1.6,9.7,1.6,9.4,1.6,9.2,1.6,10.3,1.6,10.1,1.5,9.3,1.4,8.7,1.4,7.2,1.3,6.9,1.2,7.3,1.3,7.2,1.2,7.4,1.3,7.2,1.1,7.3,1.2,7.3,1.2,6.9,1.4,6.5,1.3
Salford,E08000006,10.4,1.5,10.5,1.5,10.0,1.5,9.6,1.5,9.9,1.6,10.5,1.7,11.1,1.8,11.7,1.9,11.6,1.9,10.5,1.6,10.0,1.5,9.2,1.4,8.0,1.3,7.4,1.3,6.8,1.2,7.0,1.2,6.8,1.2,7.2,1.2,7.0,1.1,6.5,1.1,6.8,1.2,6.4,1.3,5.6,1.1
Stockport,E08000007,7.2,1.2,7.4,1.2,7.3,1.2,6.7,1.2,6.4,1.2,6.1,1.2,6.3,1.2,5.8,1.1,5.4,1.1,5.8,1.0,5.8,1.0,5.5,1.0,5.4,0.9,5.2,1.0,5.0,0.9,5.1,0.9,4.9,0.9,4.4,0.8,4.2,0.7,4.2,0.8,4.3,0.8,4.5,1.0,4.1,0.9
Tameside,E08000008,9.7,1.5,9.8,1.6,10.1,1.6,9.7,1.6,9.8,1.7,9.3,1.6,9.0,1.6,9.5,1.7,9.0,1.6,8.7,1.4,8.8,1.4,7.9,1.3,7.1,1.2,6.5,1.2,5.6,1.0,5.5,1.0,5.5,1.0,5.5,1.0,5.7,1.0,5.8,1.0,5.8,1.0,5.7,1.2,5.2,1.1
Trafford,E08000009,6.9,1.1,7.3,1.2,7.3,1.2,7.3,1.3,6.9,1.3,6.8,1.3,6.6,1.2,6.5,1.3,6.4,1.3,6.0,1.1,5.8,1.0,5.3,0.9,5.4,0.9,5.3,1.0,5.0,0.9,4.7,0.9,4.1,0.8,3.7,0.7,3.7,0.7,3.7,0.7,3.6,0.7,3.5,0.8,3.5,0.8
Wigan,E08000010,8.7,1.3,9.3,1.4,9.1,1.4,8.5,1.4,9.0,1.5,8.7,1.5,8.4,1.5,8.7,1.6,8.4,1.5,8.3,1.4,8.5,1.4,7.7,1.3,6.9,1.2,6.0,1.1,5.4,1.0,5.2,1.0,5.1,1.0,4.9,0.9,5.1,0.9,5.1,0.9,5.0,0.9,4.8,1.1,4.4,1.0
Knowsley,E08000011,11.9,1.8,12.8,1.9,12.6,1.9,12.9,2.0,12.7,2.0,11.1,1.9,11.7,2.0,11.1,1.9,10.3,1.9,10.3,1.8,9.7,1.7,9.5,1.6,9.6,1.6,8.4,1.6,7.8,1.4,7.3,1.4,6.1,1.2,6.5,1.3,6.4,1.2,5.9,1.2,5.6,1.2,5.0,1.2,4.5,1.1
Liverpool,E08000012,11.2,1.8,11.7,1.8,11.0,1.8,11.5,1.8,11.5,1.8,11.6,1.8,11.5,1.8,11.3,1.8,12.0,1.9,12.0,1.8,12.6,1.9,12.0,1.9,11.9,1.9,10.4,1.8,9.9,1.7,9.3,1.6,7.3,1.4,7.8,1.5,7.6,1.4,6.5,1.3,6.6,1.3,6.5,1.4,5.7,1.3
St. Helens,E08000013,9.2,1.5,9.5,1.6,9.2,1.6,8.9,1.6,8.4,1.6,7.5,1.4,7.8,1.5,8.1,1.6,8.1,1.6,9.2,1.6,10.0,1.7,9.6,1.6,10.0,1.6,8.9,1.6,7.6,1.4,6.9,1.3,5.8,1.2,5.8,1.2,5.9,1.1,5.2,1.0,4.8,1.0,4.7,1.2,4.2,1.0
Sefton,E08000014,9.4,1.6,9.3,1.6,8.7,1.6,8.3,1.6,8.5,1.6,8.6,1.6,8.3,1.6,9.0,1.7,8.4,1.7,8.2,1.5,8.4,1.5,7.3,1.4,7.5,1.4,6.0,1.2,5.4,1.1,5.3,1.1,4.4,0.9,4.7,1.0,5.3,1.0,4.9,1.0,4.8,1.0,4.9,1.2,4.4,1.1
Wirral,E08000015,8.7,1.4,8.7,1.5,8.1,1.4,7.9,1.5,7.7,1.5,6.8,1.4,7.1,1.4,7.7,1.5,7.7,1.6,7.9,1.5,8.1,1.5,7.7,1.5,7.9,1.4,7.2,1.4,6.4,1.3,5.5,1.1,4.4,1.0,4.7,1.0,4.8,1.0,4.4,0.9,4.3,1.0,3.8,1.0,3.8,1.0
Barnsley,E08000016,10.5,1.5,10.7,1.6,10.3,1.6,10.0,1.6,10.4,1.7,10.3,1.7,10.7,1.7,10.4,1.7,9.9,1.7,9.4,1.5,8.9,1.4,8.4,1.3,7.6,1.2,7.0,1.2,6.3,1.1,6.2,1.1,6.0,1.1,6.3,1.1,6.1,1.0,5.7,1.0,5.3,1.0,5.1,1.2,4.9,1.1
Doncaster,E08000017,11.8,1.7,12.6,1.8,12.8,1.8,11.9,1.8,11.0,1.8,10.7,1.7,10.3,1.7,10.4,1.8,9.8,1.7,9.0,1.5,8.6,1.4,8.6,1.4,8.5,1.4,8.8,1.5,8.3,1.4,7.4,1.3,7.1,1.3,6.4,1.2,6.2,1.1,6.1,1.1,5.8,1.1,6.1,1.3,6.0,1.2
Rotherham,E08000018,11.6,1.6,11.2,1.6,11.3,1.6,10.5,1.6,9.6,1.6,10.3,1.7,10.4,1.7,11.3,1.8,11.4,1.9,10.2,1.6,9.6,1.6,9.0,1.5,8.6,1.4,8.2,1.4,7.5,1.3,6.6,1.2,6.5,1.2,6.6,1.2,6.4,1.1,6.9,1.2,6.5,1.2,6.0,1.3,5.6,1.2
Sheffield,E08000019,9.7,1.5,10.1,1.5,10.5,1.6,10.2,1.6,10.6,1.7,9.8,1.6,10.2,1.6,10.1,1.7,9.8,1.7,10.1,1.6,9.6,1.5,9.1,1.4,8.5,1.4,8.0,1.4,7.3,1.3,6.9,1.2,7.3,1.3,7.6,1.3,7.3,1.2,6.7,1.2,6.2,1.2,5.6,1.2,5.6,1.2
Gateshead,E08000037,10.6,1.6,11.4,1.7,11.9,1.7,11.6,1.8,11.6,1.8,10.3,1.7,8.9,1.6,8.8,1.6,8.7,1.6,8.3,1.4,8.7,1.4,8.2,1.4,8.1,1.3,7.8,1.3,7.2,1.2,7.2,1.2,7.1,1.2,6.7,1.2,7.1,1.1,6.2,1.1,6.3,1.1,6.6,1.3,6.0,1.2
Newcastle upon Tyne,E08000021,10.2,1.6,10.3,1.6,10.8,1.7,10.9,1.8,10.5,1.7,10.9,1.8,11.1,1.8,11.9,1.9,11.3,1.8,10.9,1.7,10.2,1.6,10.0,1.6,9.7,1.5,9.2,1.5,8.6,1.5,8.7,1.4,8.8,1.4,8.7,1.5,9.0,1.4,7.2,1.3,7.1,1.3,7.8,1.6,7.1,1.4
North Tyneside,E08000022,9.6,1.4,10.1,1.5,10.7,1.6,10.4,1.6,9.7,1.6,8.7,1.5,7.9,1.4,8.0,1.5,8.3,1.6,8.6,1.5,8.0,1.4,7.1,1.2,7.0,1.2,6.1,1.1,6.3,1.1,6.3,1.1,6.4,1.1,6.5,1.1,6.9,1.1,5.9,1.0,5.7,1.0,6.0,1.3,5.2,1.1
South Tyneside,E08000023,12.1,1.7,12.3,1.7,13.0,1.7,12.5,1.7,13.0,1.8,11.9,1.8,12.3,1.8,12.7,1.8,11.8,1.8,11.3,1.6,10.8,1.5,10.6,1.6,9.7,1.4,9.6,1.5,8.8,1.4,8.4,1.4,9.0,1.4,9.0,1.4,9.3,1.4,8.5,1.3,8.1,1.3,8.9,1.6,8.3,1.5
Sunderland,E08000024,12.1,1.7,12.1,1.7,12.2,1.7,10.6,1.6,9.8,1.6,9.3,1.6,10.4,1.7,11.4,1.8,12.3,1.9,11.4,1.7,10.2,1.6,9.8,1.5,9.0,1.4,8.4,1.5,8.3,1.4,8.5,1.4,8.4,1.4,8.2,1.4,8.0,1.3,7.0,1.2,7.4,1.3,8.4,1.6,7.6,1.4
Birmingham,E08000025,13.5,1.6,13.7,1.7,13.6,1.7,13.8,1.7,14.3,1.8,14.9,1.8,16.6,2.0,16.0,2.0,14.5,2.0,13.2,1.8,11.9,1.6,11.6,1.6,10.9,1.5,10.4,1.5,10.1,1.5,9.1,1.4,9.6,1.5,9.6,1.4,10.0,1.4,9.4,1.4,8.7,1.3,8.5,1.4,7.5,1.3
Coventry,E08000026,10.2,1.5,9.8,1.5,9.0,1.4,8.7,1.5,8.8,1.5,9.5,1.6,9.7,1.6,9.2,1.7,8.3,1.6,8.1,1.4,8.1,1.4,7.9,1.3,7.4,1.3,7.1,1.3,6.6,1.2,6.1,1.1,6.1,1.1,5.9,1.0,6.0,1.0,5.5,0.9,5.4,1.0,5.0,1.1,5.0,1.0
Dudley,E08000027,10.2,1.5,9.9,1.5,9.1,1.4,8.2,1.4,8.2,1.4,8.2,1.4,8.9,1.5,9.2,1.6,9.3,1.7,9.4,1.5,8.4,1.4,7.9,1.3,7.3,1.2,6.6,1.2,6.9,1.2,6.7,1.3,6.8,1.2,6.8,1.2,6.7,1.1,6.7,1.2,6.4,1.2,6.3,1.4,6.1,1.3
Sandwell,E08000028,12.1,1.6,11.8,1.6,12.7,1.7,12.3,1.7,12.2,1.7,12.9,1.8,12.1,1.7,12.3,1.8,11.9,1.9,11.5,1.7,11.2,1.7,10.5,1.6,10.2,1.5,10.3,1.6,9.7,1.6,8.9,1.5,8.1,1.4,7.7,1.3,8.2,1.3,8.2,1.3,8.4,1.4,8.1,1.6,7.6,1.5
Solihull,E08000029,7.8,1.3,7.5,1.2,7.2,1.2,7.0,1.2,6.9,1.2,7.1,1.3,6.9,1.2,6.8,1.3,6.8,1.3,6.6,1.2,5.9,1.1,5.7,1.0,5.2,0.9,4.7,0.9,5.1,1.0,4.7,0.9,4.8,0.9,4.6,0.9,4.8,0.8,5.1,0.9,5.2,0.9,5.5,1.1,4.8,1.0
Walsall,E08000030,10.8,1.6,11.2,1.7,11.0,1.7,10.8,1.7,11.2,1.8,11.3,1.8,11.3,1.8,11.0,1.8,11.3,1.9,11.0,1.8,9.8,1.6,10.1,1.6,8.2,1.3,8.2,1.4,8.2,1.4,7.3,1.3,8.0,1.4,7.5,1.3,7.7,1.2,7.3,1.2,6.7,1.2,6.2,1.3,5.8,1.2
Wolverhampton,E08000031,13.4,1.8,12.7,1.7,13.1,1.8,12.4,1.8,12.7,1.8,13.3,1.8,13.5,1.9,13.8,1.9,12.3,1.9,12.0,1.7,12.1,1.8,11.8,1.7,11.3,1.6,11.3,1.7,10.5,1.6,10.1,1.6,9.9,1.6,10.0,1.6,9.2,1.4,8.8,1.4,8.4,1.4,7.6,1.5,7.2,1.4
Bradford,E08000032,11.2,1.6,11.2,1.6,11.2,1.7,10.1,1.6,10.7,1.7,10.4,1.7,10.8,1.7,11.1,1.8,11.0,1.9,10.7,1.7,10.2,1.6,9.4,1.5,9.0,1.4,9.2,1.5,8.7,1.4,8.6,1.4,8.4,1.4,8.2,1.3,7.6,1.2,7.1,1.2,6.3,1.2,6.1,1.3,6.0,1.2
Calderdale,E08000033,8.4,1.3,9.0,1.4,9.2,1.4,8.7,1.5,8.2,1.4,7.8,1.4,8.0,1.4,8.2,1.5,8.8,1.6,8.0,1.4,7.6,1.3,7.3,1.2,6.4,1.1,6.3,1.1,5.7,1.1,5.2,1.0,5.3,1.0,5.6,1.0,5.1,0.9,4.7,0.9,4.4,0.9,3.6,0.9,4.0,0.9
Kirklees,E08000034,8.8,1.3,9.3,1.4,9.3,1.5,8.1,1.4,8.5,1.5,8.5,1.5,8.2,1.5,8.3,1.5,8.1,1.6,7.6,1.4,7.7,1.3,8.2,1.4,7.4,1.2,7.1,1.3,6.5,1.2,5.6,1.1,5.8,1.1,6.1,1.1,5.9,1.0,5.8,1.0,5.4,1.1,5.1,1.2,5.3,1.1
Leeds,E08000035,9.1,1.3,9.7,1.3,10.1,1.4,9.8,1.4,9.8,1.4,9.8,1.5,9.7,1.5,9.6,1.5,9.6,1.5,9.0,1.4,9.3,1.4,9.1,1.3,8.3,1.2,8.0,1.2,6.7,1.1,6.2,1.0,6.1,1.0,6.3,1.0,6.1,1.0,5.5,0.9,5.1,0.9,4.4,1.0,4.6,0.9
Wakefield,E08000036,10.0,1.4,9.8,1.5,9.8,1.5,9.7,1.6,10.0,1.6,9.8,1.6,10.0,1.6,9.8,1.6,9.2,1.6,8.4,1.4,8.3,1.3,7.7,1.3,6.9,1.1,6.7,1.2,6.4,1.2,6.3,1.1,6.3,1.1,6.1,1.1,5.6,0.9,5.4,0.9,5.0,1.0,5.1,1.1,5.4,1.1
Hartlepool,E06000001,14.6,1.9,15.3,2.0,16.3,2.1,14.4,2.0,13.9,2.0,12.9,1.9,13.2,1.9,13.6,2.0,14.2,2.0,13.5,1.8,12.5,1.7,12.1,1.7,11.3,1.6,11.0,1.6,10.4,1.5,9.7,1.4,9.6,1.4,9.4,1.4,9.8,1.4,9.3,1.5,9.0,1.5,10.1,1.8,9.7,1.7
Middlesbrough,E06000002,15.6,2.0,15.6,2.0,15.6,2.1,15.0,2.1,15.6,2.1,15.3,2.2,15.6,2.2,15.2,2.2,13.3,2.0,13.0,1.9,13.4,1.8,12.5,1.8,12.5,1.7,11.8,1.7,10.7,1.6,11.0,1.6,11.0,1.6,10.1,1.6,10.0,1.5,9.1,1.5,8.1,1.4,8.9,1.7,8.7,1.6
Redcar and Cleveland,E06000003,12.4,1.8,12.2,1.8,13.7,1.9,12.0,1.8,12.2,1.9,12.3,1.9,11.8,1.8,12.5,1.9,11.1,1.8,10.3,1.6,9.2,1.5,8.5,1.4,9.4,1.4,8.7,1.5,8.3,1.4,8.6,1.4,8.6,1.4,8.9,1.5,8.9,1.4,8.5,1.4,7.4,1.3,7.9,1.6,7.1,1.4
Stockton-on-Tees,E06000004,10.0,1.5,10.5,1.6,10.7,1.6,11.1,1.7,11.0,1.7,10.4,1.7,10.5,1.8,9.3,1.7,9.0,1.6,9.5,1.6,9.2,1.5,9.1,1.5,8.7,1.4,7.6,1.3,7.4,1.3,7.0,1.3,7.3,1.3,7.1,1.3,7.4,1.2,6.6,1.1,6.4,1.2,6.4,1.4,5.9,1.2
Darlington,E06000005,9.6,1.5,10.0,1.5,9.9,1.5,10.2,1.6,10.5,1.7,9.4,1.6,9.8,1.6,9.4,1.6,8.6,1.5,8.9,1.4,8.5,1.3,8.3,1.3,8.0,1.3,7.3,1.3,7.1,1.2,6.8,1.1,6.9,1.1,7.0,1.1,7.1,1.1,6.3,1.0,6.3,1.1,6.4,1.3,5.9,1.2
"Kingston upon Hull, City of",E06000010,15.1,1.8,15.6,1.9,15.8,1.9,15.5,2.0,15.7,2.1,15.2,2.0,14.9,2.0,14.4,2.0,13.9,2.0,13.6,1.9,12.6,1.8,12.1,1.8,11.6,1.7,10.9,1.7,10.4,1.7,9.3,1.5,8.7,1.5,8.6,1.5,8.0,1.3,8.2,1.4,7.3,1.4,7.1,1.5,7.1,1.4
East Riding of Yorkshire,E06000011,6.5,1.1,6.4,1.1,7.0,1.2,7.0,1.3,6.9,1.3,7.2,1.3,6.5,1.2,6.4,1.3,6.9,1.4,6.1,1.1,5.7,1.1,5.5,1.0,4.7,0.9,4.8,1.0,4.7,0.9,4.3,0.9,4.4,0.9,3.9,0.8,3.9,0.7,4.0,0.8,3.8,0.8,3.7,0.9,3.6,0.8
North East Lincolnshire,E06000012,12.3,1.7,12.2,1.7,12.3,1.7,11.5,1.7,11.5,1.7,11.1,1.7,11.3,1.7,11.5,1.8,10.8,1.7,10.2,1.6,9.7,1.5,9.2,1.4,8.8,1.4,9.0,1.5,8.6,1.4,7.8,1.3,7.7,1.3,7.3,1.2,6.8,1.1,6.7,1.1,6.3,1.2,5.8,1.2,5.8,1.2
North Lincolnshire,E06000013,8.3,1.3,8.3,1.3,8.4,1.3,8.4,1.4,8.1,1.4,7.8,1.4,7.6,1.4,7.2,1.3,6.8,1.3,7.0,1.2,6.7,1.2,6.6,1.2,6.3,1.1,5.6,1.1,5.5,1.0,5.1,1.0,5.3,1.0,5.9,1.1,6.0,1.1,6.1,1.1,5.4,1.1,5.0,1.1,4.7,1.0
York,E06000014,6.3,1.1,6.2,1.1,6.4,1.1,6.1,1.1,5.7,1.1,6.1,1.1,5.6,1.1,5.4,1.1,5.2,1.1,5.1,1.0,5.0,0.9,5.0,0.9,4.6,0.8,4.2,0.8,3.9,0.8,3.6,0.7,3.5,0.7,3.5,0.7,3.5,0.7,3.2,0.6,3.2,0.7,3.0,0.8,3.0,0.7
Derby,E06000015,9.5,1.4,9.4,1.4,9.8,1.5,10.1,1.6,9.7,1.6,10.0,1.6,9.7,1.6,9.2,1.6,8.8,1.5,8.2,1.4,7.4,1.3,7.0,1.2,6.9,1.2,6.4,1.2,6.0,1.2,5.9,1.2,5.5,1.1,5.4,1.1,5.0,1.0,4.5,0.9,4.6,0.9,3.9,1.0,4.4,1.0
Leicester,E06000016,12.9,1.8,12.3,1.7,12.5,1.8,13.8,1.9,13.0,1.9,13.0,1.9,13.9,2.0,14.0,2.0,13.7,2.0,13.1,1.8,11.8,1.7,9.8,1.5,8.8,1.4,8.1,1.4,7.8,1.4,7.7,1.4,7.5,1.3,7.2,1.3,6.6,1.2,6.3,1.2,6.1,1.2,5.6,1.2,5.2,1.1
Rutland,E06000017,4.9,1.2,4.5,1.2,4.7,1.2,4.7,1.3,4.4,1.3,4.0,1.2,3.6,1.1,3.5,1.1,3.3,1.1,3.3,1.0,3.3,0.9,3.2,0.9,3.0,0.8,2.9,0.9,2.7,0.8,2.7,0.8,2.6,0.7,2.5,0.8,2.4,0.7,2.4,0.7,2.4,0.7,2.5,0.8,2.7,0.8
Stoke-on-Trent,E06000021,10.9,1.6,10.1,1.5,9.9,1.5,8.9,1.5,8.6,1.5,8.7,1.6,8.6,1.6,9.6,1.8,9.5,1.8,10.0,1.7,9.2,1.6,8.2,1.5,7.6,1.4,6.4,1.3,6.4,1.3,5.9,1.2,6.3,1.2,6.4,1.2,6.3,1.1,6.2,1.1,5.5,1.0,5.8,1.2,5.7,1.2
Bath and North East Somerset,E06000022,5.7,1.1,6.0,1.1,6.2,1.2,6.1,1.2,5.8,1.2,5.7,1.1,5.3,1.1,5.5,1.1,5.1,1.1,4.9,0.9,5.0,0.9,5.2,0.9,5.1,0.9,4.7,0.9,4.2,0.8,4.1,0.8,4.0,0.7,4.0,0.8,4.1,0.7,4.1,0.7,4.2,0.8,4.2,0.9,4.0,0.9
"Bristol, City of",E06000023,8.0,1.3,8.3,1.4,7.7,1.4,7.1,1.4,7.4,1.4,7.7,1.5,8.1,1.5,8.2,1.6,8.0,1.6,7.5,1.3,8.3,1.4,7.9,1.3,7.2,1.2,6.8,1.2,5.5,1.1,5.3,1.0,5.3,1.0,5.4,1.0,5.3,0.9,5.0,0.9,5.0,1.0,4.7,1.1,4.6,1.0
North Somerset,E06000024,5.8,1.1,6.4,1.2,6.4,1.2,6.4,1.3,6.4,1.3,6.2,1.3,6.2,1.3,5.8,1.2,5.5,1.2,5.3,1.0,5.3,1.0,5.3,1.0,5.0,0.9,4.8,1.0,4.1,0.8,3.7,0.8,3.8,0.8,3.7,0.8,3.6,0.7,3.8,0.7,3.5,0.7,3.1,0.8,3.1,0.7
South Gloucestershire,E06000025,5.3,1.0,5.8,1.1,5.9,1.1,6.0,1.2,5.9,1.2,5.7,1.2,5.5,1.1,5.4,1.1,5.4,1.2,4.9,1.0,5.1,1.0,4.7,0.9,4.4,0.8,4.4,0.9,3.9,0.8,3.7,0.7,3.5,0.7,3.3,0.7,3.3,0.6,3.6,0.7,3.5,0.7,3.3,0.8,3.4,0.8
Bournemouth,E06000028,6.8,1.1,6.9,1.2,6.7,1.2,6.5,1.2,6.3,1.2,6.5,1.2,6.1,1.2,6.2,1.2,6.5,1.3,6.2,1.1,6.7,1.2,6.9,1.2,6.3,1.1,5.5,1.0,4.7,0.9,4.6,0.9,4.6,0.9,5.0,0.9,5.4,0.9,5.0,0.9,4.6,0.9,4.2,1.0,3.8,0.9
Poole,E06000029,5.0,0.9,5.1,0.9,5.5,1.0,5.2,1.0,5.0,1.0,4.6,1.0,4.1,0.9,4.2,0.9,3.9,0.9,4.2,0.8,4.5,0.8,4.6,0.9,4.6,0.8,4.3,0.9,4.1,0.8,4.0,0.8,3.8,0.7,3.6,0.7,3.6,0.7,3.8,0.7,3.9,0.8,3.9,0.9,3.8,0.9
Swindon,E06000030,6.8,1.2,6.8,1.2,7.3,1.3,7.1,1.3,7.3,1.4,7.5,1.4,7.3,1.4,7.2,1.4,6.6,1.3,5.7,1.1,5.6,1.0,5.5,1.0,5.4,0.9,5.6,1.0,5.1,0.9,4.8,0.9,4.4,0.8,4.1,0.8,4.0,0.7,4.2,0.8,4.0,0.8,4.2,0.9,4.2,0.9
Luton,E06000032,10.0,1.7,10.9,1.8,10.1,1.7,10.5,1.8,10.8,1.8,9.5,1.7,9.2,1.7,8.5,1.6,8.6,1.6,8.7,1.5,8.7,1.5,8.4,1.5,7.7,1.4,6.7,1.3,5.9,1.2,5.7,1.2,5.2,1.1,5.5,1.1,5.3,1.1,5.5,1.1,5.7,1.2,5.3,1.2,5.3,1.2
Milton Keynes,E06000042,7.3,1.2,7.3,1.2,7.7,1.3,7.8,1.3,8.3,1.4,8.6,1.4,8.5,1.4,8.3,1.4,7.5,1.3,6.8,1.2,6.7,1.1,6.2,1.1,6.5,1.1,6.5,1.2,5.8,1.0,5.6,1.0,5.1,0.9,4.6,0.9,4.8,0.8,4.6,0.8,4.3,0.8,4.1,0.9,4.2,0.9
Brighton and Hove,E06000043,7.5,1.2,7.5,1.2,7.6,1.3,7.3,1.3,8.1,1.4,8.2,1.4,8.4,1.4,8.8,1.5,7.5,1.4,7.3,1.2,6.6,1.1,6.2,1.1,6.3,1.1,5.9,1.1,5.8,1.0,5.8,1.0,5.8,1.0,6.1,1.0,6.1,1.0,5.7,1.0,5.6,1.0,5.7,1.2,5.0,1.0
Portsmouth,E06000044,8.0,1.3,7.5,1.2,7.6,1.3,7.4,1.3,7.8,1.4,8.1,1.4,8.1,1.4,7.8,1.4,7.1,1.4,7.5,1.3,7.3,1.3,7.3,1.2,7.3,1.2,6.9,1.2,6.5,1.2,6.5,1.2,6.2,1.1,5.9,1.1,6.3,1.0,6.1,1.0,5.7,1.0,5.7,1.2,4.9,1.0
Southampton,E06000045,7.2,1.2,7.7,1.3,8.1,1.3,8.1,1.4,7.9,1.4,8.0,1.4,7.9,1.3,7.8,1.4,7.9,1.4,8.0,1.3,7.5,1.3,7.1,1.3,6.9,1.2,6.1,1.2,5.7,1.1,5.8,1.1,5.6,1.0,5.8,1.0,6.3,1.0,5.9,1.0,5.8,1.0,5.2,1.1,4.7,1.0
Isle of Wight,E06000046,9.3,1.4,8.8,1.4,8.3,1.4,8.2,1.4,8.3,1.4,8.7,1.4,9.2,1.5,9.1,1.5,8.3,1.4,7.9,1.3,7.6,1.3,7.6,1.2,7.4,1.2,7.0,1.2,6.4,1.1,5.6,1.0,5.2,1.0,5.2,0.9,5.4,0.9,5.6,1.0,5.3,1.0,4.8,1.1,4.4,1.0
Isle of Anglesey,W06000001,7.4,1.3,7.0,1.2,6.8,1.2,6.5,1.2,6.4,1.2,7.4,1.3,7.5,1.3,8.1,1.4,8.6,1.5,7.5,1.3,7.3,1.2,6.9,1.2,6.4,1.1,6.7,1.2,6.5,1.1,6.1,1.1,5.7,1.0,5.1,0.9,4.9,0.8,5.0,0.9,5.1,1.0,4.8,1.1,4.6,1.0
Gwynedd,W06000002,6.8,1.1,6.8,1.1,6.6,1.2,6.7,1.2,6.0,1.2,6.6,1.2,6.5,1.2,6.6,1.3,6.6,1.3,6.1,1.1,6.3,1.1,6.0,1.1,6.0,1.1,5.8,1.1,6.2,1.2,5.8,1.1,5.3,1.0,5.2,1.0,4.6,0.8,4.5,0.8,4.5,0.9,4.4,1.1,4.0,0.9
Conwy,W06000003,7.6,1.2,7.4,1.2,7.1,1.2,7.0,1.2,6.6,1.2,6.9,1.2,6.6,1.2,6.1,1.2,5.9,1.1,6.1,1.0,5.8,1.0,5.9,1.0,5.8,1.0,5.7,1.0,6.0,1.1,5.5,1.0,5.2,0.9,4.8,0.8,4.4,0.7,4.3,0.8,4.1,0.8,3.9,0.9,4.3,0.9
Denbighshire,W06000004,7.4,1.2,7.5,1.3,7.5,1.3,7.7,1.3,7.3,1.3,7.6,1.3,7.6,1.3,7.8,1.4,7.8,1.4,6.8,1.2,6.9,1.2,6.5,1.1,6.4,1.1,6.5,1.2,6.3,1.1,5.5,1.0,5.2,0.9,4.7,0.9,4.3,0.7,4.4,0.8,4.2,0.8,3.7,0.9,4.0,0.9
Flintshire,W06000005,6.6,1.1,6.5,1.2,6.3,1.1,6.4,1.2,6.0,1.2,6.2,1.2,6.3,1.2,5.8,1.2,6.4,1.3,6.4,1.1,6.3,1.1,6.3,1.1,5.6,1.0,4.9,0.9,4.6,0.9,4.4,0.8,4.4,0.8,4.2,0.8,4.1,0.7,3.7,0.7,3.8,0.8,3.5,0.9,3.8,0.8
Wrexham,W06000006,7.5,1.2,7.8,1.3,7.6,1.3,7.7,1.4,7.4,1.4,7.4,1.4,6.9,1.3,6.7,1.3,6.6,1.3,6.3,1.1,6.1,1.1,6.2,1.1,6.3,1.1,5.9,1.1,5.8,1.0,5.5,1.0,5.1,0.9,4.5,0.9,4.3,0.8,4.1,0.8,3.9,0.8,3.7,0.9,4.1,0.9
Powys,W06000023,5.5,1.0,5.3,1.0,5.2,1.0,5.4,1.0,4.9,1.0,5.1,1.0,4.6,0.9,4.7,1.0,4.3,0.9,4.0,0.8,4.1,0.8,3.8,0.7,3.8,0.7,3.7,0.8,3.8,0.8,3.6,0.7,3.3,0.7,3.3,0.7,3.0,0.6,2.8,0.6,2.9,0.6,2.7,0.7,2.9,0.7
Ceredigion,W06000008,6.5,1.2,6.6,1.3,6.2,1.3,6.1,1.3,5.8,1.3,5.6,1.2,5.1,1.1,4.9,1.1,4.6,1.0,4.8,0.9,5.1,1.0,5.1,1.0,5.1,1.0,4.9,1.0,5.0,1.0,4.9,1.0,4.5,0.9,4.6,0.9,4.1,0.8,3.8,0.8,3.9,0.8,3.8,1.0,4.2,1.0
Pembrokeshire,W06000009,6.8,1.1,7.2,1.2,6.8,1.2,7.1,1.3,6.5,1.2,6.7,1.3,6.6,1.3,6.9,1.3,7.1,1.4,6.3,1.1,6.2,1.1,5.7,1.0,5.7,1.0,6.0,1.1,6.0,1.1,5.5,1.0,5.1,0.9,4.7,0.9,4.3,0.8,4.3,0.8,4.3,0.8,4.1,1.0,4.6,1.0
Carmarthenshire,W06000010,7.0,1.2,6.6,1.1,6.6,1.2,6.4,1.2,6.1,1.2,6.6,1.3,6.7,1.3,7.0,1.4,7.0,1.4,6.5,1.1,6.2,1.1,6.3,1.1,6.2,1.1,6.2,1.1,6.1,1.1,5.6,1.0,4.9,0.9,4.8,0.9,4.3,0.7,4.0,0.7,4.1,0.8,3.8,0.9,4.2,0.9
Swansea,W06000011,9.0,1.4,9.4,1.5,9.1,1.5,8.8,1.5,8.5,1.5,8.3,1.4,8.1,1.4,7.8,1.4,8.4,1.5,7.8,1.3,7.7,1.3,7.3,1.2,7.1,1.2,7.5,1.3,7.3,1.3,6.8,1.2,6.6,1.2,5.8,1.1,5.3,0.9,5.4,0.9,5.3,1.0,5.0,1.1,5.4,1.1
Neath Port Talbot,W06000012,9.3,1.5,9.5,1.6,8.7,1.5,7.8,1.4,7.7,1.4,7.7,1.4,7.9,1.4,8.6,1.6,8.3,1.6,8.1,1.4,7.5,1.3,7.2,1.2,6.8,1.2,6.5,1.2,6.6,1.2,6.2,1.1,6.4,1.2,6.0,1.1,5.5,1.0,5.2,0.9,4.9,1.0,4.9,1.1,5.1,1.1
Bridgend,W06000013,8.0,1.3,7.9,1.3,8.5,1.4,8.6,1.5,8.7,1.5,8.3,1.5,7.7,1.4,7.3,1.4,7.0,1.4,7.0,1.2,7.1,1.3,6.8,1.2,6.5,1.1,6.5,1.2,6.3,1.1,6.3,1.1,5.9,1.0,5.3,1.0,4.8,0.8,4.7,0.9,4.5,0.9,4.8,1.1,5.0,1.1
Vale of Glamorgan,W06000014,7.4,1.2,7.6,1.3,7.6,1.3,7.9,1.4,7.7,1.4,7.8,1.4,7.8,1.4,8.0,1.4,7.9,1.5,6.8,1.2,6.6,1.2,6.1,1.1,6.1,1.1,6.4,1.2,6.1,1.1,5.6,1.1,5.1,1.0,4.3,0.9,4.0,0.8,4.1,0.8,4.2,0.9,4.4,1.1,4.6,1.0
Rhondda Cynon Taf,W06000016,10.2,1.5,10.1,1.6,10.5,1.6,11.2,1.8,11.3,1.8,11.2,1.8,11.8,1.9,11.1,1.8,10.3,1.8,9.5,1.5,8.6,1.4,7.9,1.3,7.4,1.2,7.1,1.3,6.9,1.2,6.9,1.2,6.6,1.1,6.1,1.1,5.6,0.9,5.4,0.9,5.3,1.0,5.2,1.2,5.3,1.1
Merthyr Tydfil,W06000024,12.8,2.0,13.1,2.1,12.5,2.1,11.9,2.1,11.5,2.1,11.2,2.0,11.1,2.0,10.9,2.0,10.2,2.0,9.6,1.7,8.6,1.6,8.4,1.5,7.7,1.4,7.5,1.5,7.4,1.4,6.8,1.3,7.2,1.3,6.5,1.2,5.9,1.1,5.8,1.1,5.4,1.1,5.7,1.4,5.9,1.3
Caerphilly,W06000018,10.6,1.5,10.7,1.6,10.4,1.5,9.8,1.5,9.5,1.6,9.2,1.5,9.0,1.5,8.9,1.6,8.3,1.5,8.3,1.4,8.4,1.4,8.0,1.3,8.6,1.4,8.7,1.5,8.4,1.4,7.9,1.3,7.3,1.2,6.5,1.1,5.8,1.0,5.5,1.0,5.2,1.0,5.0,1.1,5.3,1.1
Blaenau Gwent,W06000019,14.1,2.3,14.1,2.3,14.2,2.3,14.7,2.4,14.3,2.4,15.1,2.5,15.5,2.6,14.5,2.6,14.2,2.5,12.2,2.1,11.4,1.9,10.9,1.8,10.4,1.7,10.1,1.7,9.6,1.6,8.9,1.5,8.7,1.5,8.1,1.4,7.0,1.2,7.1,1.3,6.4,1.3,5.8,1.4,6.4,1.4
Torfaen,W06000020,10.2,1.5,11.1,1.6,10.7,1.6,10.9,1.7,11.6,1.8,11.0,1.7,11.4,1.8,11.2,1.8,10.3,1.7,9.4,1.5,8.6,1.4,8.5,1.4,7.8,1.3,7.6,1.3,7.3,1.2,6.7,1.2,6.4,1.1,5.7,1.0,5.1,0.9,4.6,0.8,4.2,0.8,4.0,1.0,4.6,1.0
Monmouthshire,W06000021,4.9,0.9,5.1,0.9,5.5,1.0,5.5,1.0,5.8,1.1,5.7,1.1,5.4,1.0,5.3,1.0,5.3,1.1,5.1,0.9,4.7,0.9,4.8,0.9,4.6,0.8,4.9,0.9,4.7,0.9,4.1,0.8,3.7,0.7,3.3,0.7,3.2,0.6,3.0,0.6,3.1,0.7,2.9,0.7,3.1,0.7
Newport,W06000022,10.2,1.5,10.2,1.6,9.9,1.5,9.7,1.6,9.9,1.6,9.7,1.6,9.6,1.6,9.0,1.6,8.9,1.7,9.0,1.5,8.2,1.4,8.5,1.4,8.2,1.4,7.9,1.4,8.2,1.5,7.5,1.4,7.4,1.3,6.6,1.2,6.2,1.1,5.8,1.0,5.2,1.0,5.0,1.2,5.4,1.1
Cardiff,W06000015,8.5,1.3,9.1,1.4,9.4,1.5,9.8,1.6,10.3,1.7,10.0,1.6,10.0,1.6,9.8,1.7,8.7,1.6,8.1,1.3,7.9,1.3,7.5,1.2,7.8,1.3,8.4,1.4,7.9,1.3,7.8,1.3,7.4,1.2,6.7,1.2,6.0,1.0,5.3,1.0,5.2,1.0,4.8,1.2,5.6,1.2
Aberdeen City,S12000033,5.8,1.0,5.8,1.1,5.4,1.0,5.3,1.1,5.0,1.0,4.7,1.0,4.7,1.0,4.3,1.0,4.6,1.0,5.0,1.0,4.9,1.0,5.0,1.0,4.5,0.9,4.3,0.9,4.1,0.8,4.4,0.9,4.6,0.9,4.9,0.9,5.2,0.9,5.0,0.9,5.4,1.1,5.0,1.2,4.8,1.1
Aberdeenshire,S12000034,4.0,0.7,3.9,0.8,3.7,0.8,3.6,0.8,3.3,0.8,3.3,0.8,3.0,0.7,3.3,0.8,3.3,0.8,3.1,0.7,3.3,0.7,3.0,0.6,2.9,0.6,2.8,0.6,2.6,0.6,2.7,0.6,2.7,0.6,3.2,0.7,3.4,0.6,3.3,0.6,3.8,0.8,3.7,1.0,3.7,0.9
Angus,S12000041,7.0,1.2,6.4,1.1,6.2,1.1,6.4,1.2,6.1,1.2,6.6,1.2,6.3,1.2,6.1,1.3,6.0,1.2,5.8,1.1,5.6,1.1,5.0,1.0,5.3,1.0,5.2,1.1,5.2,1.0,5.2,1.0,4.7,0.9,4.8,0.9,4.5,0.8,4.1,0.8,4.1,0.8,3.7,0.9,4.0,0.9
Argyll and Bute,S12000035,7.1,1.2,6.8,1.2,6.6,1.2,6.8,1.3,6.4,1.3,6.5,1.3,6.3,1.2,6.0,1.2,5.7,1.2,5.6,1.1,5.5,1.0,5.2,1.0,5.0,0.9,4.9,1.0,4.7,0.9,4.6,0.9,4.4,0.9,4.4,0.9,4.3,0.8,3.9,0.7,3.7,0.8,3.3,0.8,3.2,0.8
Scottish Borders,S12000026,6.1,1.0,6.2,1.1,6.1,1.1,5.9,1.1,5.9,1.1,5.7,1.1,5.5,1.1,5.6,1.1,5.3,1.1,5.0,0.9,4.9,0.9,4.4,0.8,4.5,0.8,4.5,0.9,4.4,0.9,4.4,0.9,4.1,0.8,4.3,0.8,4.3,0.8,4.1,0.8,4.3,0.9,4.0,1.0,3.7,0.9
Clackmannanshire,S12000005,10.1,2.2,10.2,2.3,10.1,2.3,9.6,2.4,9.8,2.4,9.2,2.2,9.8,2.3,9.5,2.3,9.5,2.3,9.3,2.1,9.3,2.1,8.3,1.9,7.9,1.7,7.5,1.7,6.4,1.4,6.2,1.3,5.8,1.2,5.6,1.2,5.5,1.1,5.4,1.1,5.6,1.2,6.1,1.6,5.5,1.3
West Dunbartonshire,S12000039,11.1,1.6,10.7,1.6,11.3,1.7,11.1,1.7,11.3,1.8,11.1,1.8,10.8,1.7,10.8,1.8,10.8,1.8,10.5,1.6,10.3,1.6,9.1,1.5,8.4,1.4,8.7,1.6,8.0,1.4,7.8,1.4,7.7,1.4,6.7,1.2,6.3,1.1,6.2,1.1,6.0,1.1,5.6,1.3,5.6,1.2
Dumfries and Galloway,S12000006,7.9,1.3,8.0,1.3,7.8,1.3,8.1,1.4,8.2,1.5,7.8,1.4,7.9,1.4,7.7,1.4,7.4,1.3,6.7,1.2,6.3,1.1,5.7,1.0,5.7,1.0,5.7,1.0,5.2,1.0,5.1,0.9,4.6,0.8,4.5,0.8,4.4,0.7,4.0,0.7,4.1,0.8,3.6,0.9,3.6,0.9
Dundee City,S12000042,9.9,1.5,10.2,1.6,10.4,1.6,10.3,1.7,10.8,1.7,10.5,1.7,11.2,1.8,11.3,1.9,11.5,1.9,11.6,1.8,10.7,1.7,10.0,1.6,9.2,1.5,8.6,1.5,8.5,1.5,8.6,1.5,8.8,1.5,8.7,1.5,8.2,1.3,7.6,1.3,7.0,1.3,5.6,1.3,6.0,1.3
East Ayrshire,S12000008,10.8,1.6,11.0,1.6,11.0,1.7,11.0,1.8,11.2,1.8,10.7,1.7,10.9,1.8,10.8,1.8,11.3,1.9,10.8,1.7,10.4,1.7,9.4,1.5,8.7,1.4,8.8,1.5,7.8,1.4,8.1,1.4,7.6,1.3,7.2,1.3,7.0,1.2,6.8,1.2,6.5,1.2,6.1,1.4,5.8,1.2
East Dunbartonshire,S12000045,6.0,1.0,6.1,1.1,6.3,1.2,6.2,1.2,6.1,1.2,5.3,1.1,5.1,1.0,4.9,1.1,4.9,1.1,4.9,1.0,5.0,1.0,4.9,1.0,4.6,0.9,4.9,1.0,4.9,1.0,4.7,0.9,4.4,0.9,4.0,0.8,3.8,0.7,3.5,0.7,3.6,0.7,3.4,0.9,3.6,0.8
East Lothian,S12000010,7.3,1.2,7.1,1.3,6.9,1.3,6.9,1.4,6.4,1.3,6.4,1.3,6.3,1.3,6.1,1.3,6.1,1.3,6.1,1.2,6.0,1.1,5.6,1.1,5.5,1.0,5.0,1.0,4.9,1.0,5.0,1.0,5.0,1.0,5.1,1.0,4.6,0.8,4.4,0.8,4.4,0.9,4.5,1.1,4.5,1.0
East Renfrewshire,S12000011,5.7,1.0,5.9,1.1,5.8,1.1,6.0,1.2,5.8,1.2,5.6,1.1,5.8,1.2,6.1,1.3,6.3,1.3,5.8,1.1,5.4,1.0,4.7,0.9,4.6,0.9,4.9,1.0,4.7,0.9,4.8,0.9,4.3,0.9,3.9,0.8,3.7,0.7,3.3,0.7,3.5,0.7,3.3,0.9,3.3,0.8
City of Edinburgh,S12000036,7.0,1.1,6.9,1.1,6.9,1.2,6.5,1.2,6.6,1.2,6.4,1.2,7.0,1.3,7.4,1.4,7.1,1.4,6.9,1.2,6.4,1.1,6.0,1.1,5.6,1.0,5.5,1.1,5.0,1.0,5.5,1.0,5.5,1.0,5.5,1.1,5.4,1.0,4.4,0.9,4.4,0.9,3.8,1.0,3.8,0.9
Falkirk,S12000014,8.6,1.3,8.6,1.3,8.8,1.4,8.5,1.4,8.0,1.4,8.0,1.4,7.8,1.4,7.9,1.4,7.6,1.4,7.6,1.3,7.2,1.2,6.5,1.1,6.5,1.1,6.4,1.1,6.3,1.1,6.1,1.1,5.8,1.0,5.2,0.9,4.9,0.8,4.6,0.8,4.5,0.9,4.7,1.1,4.7,1.0
Fife,S12000015,9.0,1.3,8.8,1.4,8.8,1.4,9.2,1.5,9.1,1.5,9.1,1.6,9.2,1.6,8.9,1.6,8.9,1.6,8.2,1.4,7.5,1.3,6.8,1.2,6.5,1.1,6.6,1.2,6.3,1.1,6.5,1.2,6.5,1.2,6.1,1.1,5.8,1.0,5.4,1.0,4.9,1.0,4.8,1.2,4.8,1.1
Glasgow City,S12000046,11.5,1.6,11.4,1.6,11.2,1.7,11.6,1.8,12.0,1.9,11.9,1.9,11.9,1.9,10.9,1.9,10.8,1.9,10.0,1.7,10.2,1.7,9.5,1.6,9.4,1.6,10.0,1.7,9.4,1.6,9.2,1.5,8.7,1.5,8.5,1.5,7.7,1.2,7.0,1.2,6.5,1.2,5.7,1.3,5.7,1.2
Highland,S12000017,5.3,0.9,5.0,0.9,4.7,0.9,5.0,1.0,5.0,1.1,5.2,1.1,5.3,1.1,5.3,1.2,5.3,1.2,5.0,1.0,5.1,1.0,4.5,0.9,4.2,0.8,4.1,0.9,3.8,0.8,3.8,0.8,3.7,0.8,3.9,0.8,3.8,0.7,3.6,0.7,3.7,0.8,3.4,0.9,3.8,0.9
Inverclyde,S12000018,11.0,1.6,11.6,1.7,12.2,1.8,11.6,1.8,11.9,2.0,11.1,1.9,10.1,1.8,9.7,1.8,7.9,1.6,8.1,1.4,7.7,1.3,7.5,1.3,7.3,1.3,7.3,1.4,7.4,1.4,7.6,1.4,7.7,1.4,7.1,1.3,6.7,1.1,6.2,1.1,5.7,1.1,5.6,1.3,5.9,1.2
Midlothian,S12000019,7.6,1.3,7.3,1.4,7.0,1.3,6.9,1.4,6.6,1.4,6.1,1.3,6.2,1.3,6.3,1.4,6.5,1.4,6.8,1.3,6.7,1.3,6.1,1.2,5.7,1.1,5.4,1.1,5.1,1.0,5.0,1.1,4.8,1.0,4.8,1.0,4.6,0.9,4.1,0.9,4.0,0.9,3.6,1.0,3.9,1.0
Moray,S12000020,5.3,0.9,5.1,0.9,5.1,1.0,4.8,1.0,4.9,1.0,4.9,1.0,4.8,0.9,4.8,1.0,4.8,1.0,4.6,0.9,4.7,0.8,4.5,0.8,4.5,0.8,4.6,0.9,4.5,0.9,4.4,0.9,4.0,0.8,4.2,0.8,4.2,0.8,3.9,0.7,4.1,0.8,4.3,1.1,4.2,1.0
Na h-Eileanan Siar,S12000013,7.6,2.1,6.7,1.8,7.0,1.9,6.5,1.7,6.2,1.7,6.7,1.8,6.3,1.7,6.7,1.8,6.7,1.8,5.9,1.4,5.8,1.4,5.3,1.3,5.2,1.3,5.6,1.5,5.5,1.5,5.2,1.3,4.5,1.2,4.4,1.1,4.2,1.0,4.0,1.0,3.9,1.0,3.8,1.2,3.4,1.0
North Ayrshire,S12000021,12.7,1.8,12.9,1.8,12.9,1.9,11.9,1.9,12.6,2.0,12.2,1.9,13.0,2.0,13.4,2.1,13.5,2.1,11.6,1.8,10.0,1.6,8.9,1.4,8.2,1.3,9.0,1.5,9.2,1.5,9.6,1.6,9.5,1.6,8.5,1.5,8.1,1.3,7.9,1.4,7.8,1.4,8.1,1.7,7.4,1.5
North Lanarkshire,S12000044,10.5,1.5,10.5,1.5,11.1,1.6,11.1,1.6,11.2,1.7,11.3,1.7,9.9,1.6,10.5,1.7,10.2,1.6,9.4,1.4,9.1,1.4,8.1,1.3,7.6,1.2,7.5,1.3,7.4,1.2,7.4,1.2,7.0,1.2,6.4,1.1,5.8,0.9,5.2,0.9,4.8,0.9,4.7,1.1,4.9,1.0
Orkney Islands,S12000023,4.3,1.1,4.0,1.1,4.1,1.2,4.2,1.3,3.8,1.2,3.4,1.2,3.2,1.1,3.2,1.1,3.3,1.2,3.4,1.1,3.5,1.1,3.1,1.0,2.8,0.9,2.6,0.9,2.5,0.8,2.6,0.9,2.4,0.8,2.8,1.0,2.8,1.0,2.4,0.9,2.6,1.0,2.4,0.9,2.5,0.9
Perth and Kinross,S12000024,5.6,0.9,5.8,1.0,6.1,1.1,6.2,1.1,6.0,1.1,5.9,1.1,5.3,1.1,5.8,1.2,5.6,1.1,5.0,0.9,5.0,0.9,4.4,0.8,4.4,0.8,4.3,0.9,4.1,0.9,4.1,0.8,3.7,0.8,3.7,0.8,3.6,0.7,3.2,0.6,3.4,0.7,3.2,0.9,3.3,0.8
Renfrewshire,S12000038,9.9,1.5,9.5,1.5,9.4,1.5,8.8,1.5,8.9,1.6,8.5,1.5,8.4,1.5,8.6,1.6,8.0,1.5,8.1,1.4,8.0,1.3,7.2,1.2,6.9,1.2,6.4,1.2,6.0,1.1,6.2,1.1,6.1,1.1,5.8,1.0,5.6,0.9,5.2,0.9,5.0,0.9,5.0,1.1,4.9,1.0
Shetland Islands,S12000027,3.6,0.9,3.4,1.0,3.3,1.0,3.4,1.1,3.4,1.2,3.6,1.3,3.4,1.2,3.4,1.2,3.2,1.1,2.9,0.9,3.2,1.0,3.0,0.9,2.9,1.0,2.8,1.0,2.6,1.0,2.4,0.8,2.3,0.7,2.6,0.8,2.6,0.8,2.7,0.9,2.8,0.9,2.5,1.0,2.6,0.9
South Ayrshire,S12000028,9.8,1.5,9.3,1.5,9.0,1.5,9.0,1.6,9.2,1.6,8.8,1.6,8.4,1.5,8.2,1.6,7.5,1.5,7.7,1.4,7.6,1.4,7.2,1.3,6.9,1.2,6.5,1.2,6.4,1.2,6.3,1.2,6.0,1.1,6.2,1.1,5.7,1.0,5.3,0.9,5.0,1.0,4.4,1.1,4.5,1.0
South Lanarkshire,S12000029,8.2,1.2,8.2,1.3,8.0,1.3,7.4,1.3,6.9,1.3,7.1,1.3,7.4,1.3,8.3,1.4,8.5,1.5,7.9,1.3,7.4,1.2,6.8,1.1,6.3,1.1,6.0,1.1,5.9,1.0,5.8,1.0,5.5,0.9,5.5,0.9,5.2,0.8,4.9,0.8,4.7,0.9,4.1,1.0,4.1,0.9
Stirling,S12000030,7.1,1.3,7.3,1.4,7.3,1.4,7.7,1.5,8.2,1.7,8.3,1.6,8.1,1.6,7.8,1.6,7.5,1.6,6.9,1.4,6.7,1.3,5.8,1.2,5.3,1.1,5.1,1.1,5.2,1.1,5.7,1.1,5.4,1.1,5.2,1.0,4.8,0.9,4.3,0.8,4.4,0.9,3.9,1.0,4.1,1.0
West Lothian,S12000040,8.2,1.3,7.6,1.3,6.9,1.2,6.5,1.2,6.6,1.2,6.8,1.3,7.7,1.4,7.6,1.4,7.5,1.4,7.2,1.3,6.8,1.2,6.4,1.1,5.6,1.0,5.6,1.0,5.6,1.0,5.6,1.0,5.6,1.0,5.2,1.0,4.7,0.8,4.3,0.8,4.3,0.9,4.3,1.0,4.2,1.0
